2021-07-08T07:52:04+00:00 CRITICAL syntax error, unexpected token "echo", expecting "," or ";" in /var/www/vhosts/gerasko.dv.ancorathemes.com/gutentype.gerasko.dv.ancorathemes.com/wp-content/plugins/trx_addons/templates/tpl.sc_slider_start.php on line 70

2021-07-08T07:55:59+00:00 CRITICAL syntax error, unexpected token "echo", expecting "," or ";" in /var/www/vhosts/gerasko.dv.ancorathemes.com/gutentype.gerasko.dv.ancorathemes.com/wp-content/plugins/trx_addons/templates/tpl.sc_slider_start.php on line 70

2021-07-08T07:56:17+00:00 CRITICAL syntax error, unexpected token "echo", expecting "," or ";" in /var/www/vhosts/gerasko.dv.ancorathemes.com/gutentype.gerasko.dv.ancorathemes.com/wp-content/plugins/trx_addons/templates/tpl.sc_slider_start.php on line 70

2021-07-08T07:56:20+00:00 CRITICAL syntax error, unexpected token "echo", expecting "," or ";" in /var/www/vhosts/gerasko.dv.ancorathemes.com/gutentype.gerasko.dv.ancorathemes.com/wp-content/plugins/trx_addons/templates/tpl.sc_slider_start.php on line 70

2021-07-08T07:56:24+00:00 CRITICAL syntax error, unexpected token "echo", expecting "," or ";" in /var/www/vhosts/gerasko.dv.ancorathemes.com/gutentype.gerasko.dv.ancorathemes.com/wp-content/plugins/trx_addons/templates/tpl.sc_slider_start.php on line 70

2021-07-08T07:56:49+00:00 CRITICAL syntax error, unexpected token "echo", expecting "," or ";" in /var/www/vhosts/gerasko.dv.ancorathemes.com/gutentype.gerasko.dv.ancorathemes.com/wp-content/plugins/trx_addons/templates/tpl.sc_slider_start.php on line 70

2021-07-08T08:13:16+00:00 CRITICAL syntax error, unexpected single-quoted string "condition", expecting "]" in /var/www/vhosts/gerasko.dv.ancorathemes.com/gutentype.gerasko.dv.ancorathemes.com/wp-content/plugins/trx_addons/components/api/elementor/elementor.php on line 483

2021-07-08T08:13:23+00:00 CRITICAL syntax error, unexpected single-quoted string "condition", expecting "]" in /var/www/vhosts/gerasko.dv.ancorathemes.com/gutentype.gerasko.dv.ancorathemes.com/wp-content/plugins/trx_addons/components/api/elementor/elementor.php on line 483

2021-07-08T08:13:52+00:00 CRITICAL syntax error, unexpected single-quoted string "condition", expecting "]" in /var/www/vhosts/gerasko.dv.ancorathemes.com/gutentype.gerasko.dv.ancorathemes.com/wp-content/plugins/trx_addons/components/api/elementor/elementor.php on line 483

2021-07-08T08:14:10+00:00 CRITICAL syntax error, unexpected single-quoted string "condition", expecting "]" in /var/www/vhosts/gerasko.dv.ancorathemes.com/gutentype.gerasko.dv.ancorathemes.com/wp-content/plugins/trx_addons/components/api/elementor/elementor.php on line 483

2021-07-08T08:14:11+00:00 CRITICAL syntax error, unexpected single-quoted string "condition", expecting "]" in /var/www/vhosts/gerasko.dv.ancorathemes.com/gutentype.gerasko.dv.ancorathemes.com/wp-content/plugins/trx_addons/components/api/elementor/elementor.php on line 483

2021-07-08T08:14:12+00:00 CRITICAL syntax error, unexpected single-quoted string "condition", expecting "]" in /var/www/vhosts/gerasko.dv.ancorathemes.com/gutentype.gerasko.dv.ancorathemes.com/wp-content/plugins/trx_addons/components/api/elementor/elementor.php on line 483

2021-07-08T10:57:23+00:00 CRITICAL Uncaught TypeError: count(): Argument #1 ($var) must be of type Countable|array, null given in /var/www/vhosts/gerasko.dv.ancorathemes.com/gutentype.gerasko.dv.ancorathemes.com/wp-content/plugins/trx_addons/components/shortcodes/blogger/tpl.default.php:61
Stack trace:
#0 /var/www/vhosts/gerasko.dv.ancorathemes.com/gutentype.gerasko.dv.ancorathemes.com/wp-content/plugins/trx_addons/includes/plugin.utils.php(503): include()
#1 /var/www/vhosts/gerasko.dv.ancorathemes.com/gutentype.gerasko.dv.ancorathemes.com/wp-content/plugins/trx_addons/components/shortcodes/blogger/blogger.php(122): trx_addons_get_template_part()
#2 /var/www/vhosts/gerasko.dv.ancorathemes.com/gutentype.gerasko.dv.ancorathemes.com/wp-content/plugins/trx_addons/components/api/elementor/elementor.php(789): trx_addons_sc_blogger()
#3 /var/www/vhosts/gerasko.dv.ancorathemes.com/gutentype.gerasko.dv.ancorathemes.com/wp-content/plugins/elementor/includes/base/controls-stack.php(1892): TRX_Addons_Elementor_Widget->render()
#4 /var/www/vhosts/gerasko.dv.ancorathemes.com/gutentype.gerasko.dv.ancorathemes.com/wp-content/plugins/elementor/includes/base/widget-base.php(549): Elementor\Controls_Stack->render_by_mode()
#5 /var/www/vhosts/gerasko.dv.ancorathemes.com/gutentype.gerasko.dv.ancorathemes.com/wp-content/plugins/elementor/core/base/document.php(258): Elementor\Widget_Base->render_content()
#6 /var/www/vhosts/gerasko.dv.ancorathemes.com/gutentype.gerasko.dv.ancorathemes.com/wp-content/plugins/elementor/includes/managers/widgets.php(323): Elementor\Core\Base\Document->render_element()
#7 [internal function]: Elementor\Widgets_Manager->ajax_render_widget()
#8 /var/www/vhosts/gerasko.dv.ancorathemes.com/gutentype.gerasko.dv.ancorathemes.com/wp-content/plugins/elementor/core/common/modules/ajax/module.php(171): call_user_func()
#9 /var/www/vhosts/gerasko.dv.ancorathemes.com/gutentype.gerasko.dv.ancorathemes.com/wp-includes/class-wp-hook.php(292): Elementor\Core\Common\Modules\Ajax\Module->handle_ajax_request()
#10 /var/www/vhosts/gerasko.dv.ancorathemes.com/gutentype.gerasko.dv.ancorathemes.com/wp-includes/class-wp-hook.php(316): WP_Hook->apply_filters()
#11 /var/www/vhosts/gerasko.dv.ancorathemes.com/gutentype.gerasko.dv.ancorathemes.com/wp-includes/plugin.php(484): WP_Hook->do_action()
#12 /var/www/vhosts/gerasko.dv.ancorathemes.com/gutentype.gerasko.dv.ancorathemes.com/wp-admin/admin-ajax.php(187): do_action()
#13 {main}
  thrown in /var/www/vhosts/gerasko.dv.ancorathemes.com/gutentype.gerasko.dv.ancorathemes.com/wp-content/plugins/trx_addons/components/shortcodes/blogger/tpl.default.php on line 61

2021-07-08T10:57:34+00:00 CRITICAL Uncaught TypeError: count(): Argument #1 ($var) must be of type Countable|array, null given in /var/www/vhosts/gerasko.dv.ancorathemes.com/gutentype.gerasko.dv.ancorathemes.com/wp-content/plugins/trx_addons/components/shortcodes/blogger/tpl.default.php:61
Stack trace:
#0 /var/www/vhosts/gerasko.dv.ancorathemes.com/gutentype.gerasko.dv.ancorathemes.com/wp-content/plugins/trx_addons/includes/plugin.utils.php(503): include()
#1 /var/www/vhosts/gerasko.dv.ancorathemes.com/gutentype.gerasko.dv.ancorathemes.com/wp-content/plugins/trx_addons/components/shortcodes/blogger/blogger.php(122): trx_addons_get_template_part()
#2 /var/www/vhosts/gerasko.dv.ancorathemes.com/gutentype.gerasko.dv.ancorathemes.com/wp-content/plugins/trx_addons/components/api/elementor/elementor.php(789): trx_addons_sc_blogger()
#3 /var/www/vhosts/gerasko.dv.ancorathemes.com/gutentype.gerasko.dv.ancorathemes.com/wp-content/plugins/elementor/includes/base/controls-stack.php(1892): TRX_Addons_Elementor_Widget->render()
#4 /var/www/vhosts/gerasko.dv.ancorathemes.com/gutentype.gerasko.dv.ancorathemes.com/wp-content/plugins/elementor/includes/base/widget-base.php(549): Elementor\Controls_Stack->render_by_mode()
#5 /var/www/vhosts/gerasko.dv.ancorathemes.com/gutentype.gerasko.dv.ancorathemes.com/wp-content/plugins/elementor/core/base/document.php(258): Elementor\Widget_Base->render_content()
#6 /var/www/vhosts/gerasko.dv.ancorathemes.com/gutentype.gerasko.dv.ancorathemes.com/wp-content/plugins/elementor/includes/managers/widgets.php(323): Elementor\Core\Base\Document->render_element()
#7 [internal function]: Elementor\Widgets_Manager->ajax_render_widget()
#8 /var/www/vhosts/gerasko.dv.ancorathemes.com/gutentype.gerasko.dv.ancorathemes.com/wp-content/plugins/elementor/core/common/modules/ajax/module.php(171): call_user_func()
#9 /var/www/vhosts/gerasko.dv.ancorathemes.com/gutentype.gerasko.dv.ancorathemes.com/wp-includes/class-wp-hook.php(292): Elementor\Core\Common\Modules\Ajax\Module->handle_ajax_request()
#10 /var/www/vhosts/gerasko.dv.ancorathemes.com/gutentype.gerasko.dv.ancorathemes.com/wp-includes/class-wp-hook.php(316): WP_Hook->apply_filters()
#11 /var/www/vhosts/gerasko.dv.ancorathemes.com/gutentype.gerasko.dv.ancorathemes.com/wp-includes/plugin.php(484): WP_Hook->do_action()
#12 /var/www/vhosts/gerasko.dv.ancorathemes.com/gutentype.gerasko.dv.ancorathemes.com/wp-admin/admin-ajax.php(187): do_action()
#13 {main}
  thrown in /var/www/vhosts/gerasko.dv.ancorathemes.com/gutentype.gerasko.dv.ancorathemes.com/wp-content/plugins/trx_addons/components/shortcodes/blogger/tpl.default.php on line 61

2021-07-08T10:57:37+00:00 CRITICAL Uncaught TypeError: count(): Argument #1 ($var) must be of type Countable|array, null given in /var/www/vhosts/gerasko.dv.ancorathemes.com/gutentype.gerasko.dv.ancorathemes.com/wp-content/plugins/trx_addons/components/shortcodes/blogger/tpl.default.php:61
Stack trace:
#0 /var/www/vhosts/gerasko.dv.ancorathemes.com/gutentype.gerasko.dv.ancorathemes.com/wp-content/plugins/trx_addons/includes/plugin.utils.php(503): include()
#1 /var/www/vhosts/gerasko.dv.ancorathemes.com/gutentype.gerasko.dv.ancorathemes.com/wp-content/plugins/trx_addons/components/shortcodes/blogger/blogger.php(122): trx_addons_get_template_part()
#2 /var/www/vhosts/gerasko.dv.ancorathemes.com/gutentype.gerasko.dv.ancorathemes.com/wp-content/plugins/trx_addons/components/api/elementor/elementor.php(789): trx_addons_sc_blogger()
#3 /var/www/vhosts/gerasko.dv.ancorathemes.com/gutentype.gerasko.dv.ancorathemes.com/wp-content/plugins/elementor/includes/base/controls-stack.php(1892): TRX_Addons_Elementor_Widget->render()
#4 /var/www/vhosts/gerasko.dv.ancorathemes.com/gutentype.gerasko.dv.ancorathemes.com/wp-content/plugins/elementor/includes/base/widget-base.php(549): Elementor\Controls_Stack->render_by_mode()
#5 /var/www/vhosts/gerasko.dv.ancorathemes.com/gutentype.gerasko.dv.ancorathemes.com/wp-content/plugins/elementor/core/base/document.php(258): Elementor\Widget_Base->render_content()
#6 /var/www/vhosts/gerasko.dv.ancorathemes.com/gutentype.gerasko.dv.ancorathemes.com/wp-content/plugins/elementor/includes/managers/widgets.php(323): Elementor\Core\Base\Document->render_element()
#7 [internal function]: Elementor\Widgets_Manager->ajax_render_widget()
#8 /var/www/vhosts/gerasko.dv.ancorathemes.com/gutentype.gerasko.dv.ancorathemes.com/wp-content/plugins/elementor/core/common/modules/ajax/module.php(171): call_user_func()
#9 /var/www/vhosts/gerasko.dv.ancorathemes.com/gutentype.gerasko.dv.ancorathemes.com/wp-includes/class-wp-hook.php(292): Elementor\Core\Common\Modules\Ajax\Module->handle_ajax_request()
#10 /var/www/vhosts/gerasko.dv.ancorathemes.com/gutentype.gerasko.dv.ancorathemes.com/wp-includes/class-wp-hook.php(316): WP_Hook->apply_filters()
#11 /var/www/vhosts/gerasko.dv.ancorathemes.com/gutentype.gerasko.dv.ancorathemes.com/wp-includes/plugin.php(484): WP_Hook->do_action()
#12 /var/www/vhosts/gerasko.dv.ancorathemes.com/gutentype.gerasko.dv.ancorathemes.com/wp-admin/admin-ajax.php(187): do_action()
#13 {main}
  thrown in /var/www/vhosts/gerasko.dv.ancorathemes.com/gutentype.gerasko.dv.ancorathemes.com/wp-content/plugins/trx_addons/components/shortcodes/blogger/tpl.default.php on line 61

2021-07-08T10:57:39+00:00 CRITICAL Uncaught TypeError: count(): Argument #1 ($var) must be of type Countable|array, null given in /var/www/vhosts/gerasko.dv.ancorathemes.com/gutentype.gerasko.dv.ancorathemes.com/wp-content/plugins/trx_addons/components/shortcodes/blogger/tpl.default.php:61
Stack trace:
#0 /var/www/vhosts/gerasko.dv.ancorathemes.com/gutentype.gerasko.dv.ancorathemes.com/wp-content/plugins/trx_addons/includes/plugin.utils.php(503): include()
#1 /var/www/vhosts/gerasko.dv.ancorathemes.com/gutentype.gerasko.dv.ancorathemes.com/wp-content/plugins/trx_addons/components/shortcodes/blogger/blogger.php(122): trx_addons_get_template_part()
#2 /var/www/vhosts/gerasko.dv.ancorathemes.com/gutentype.gerasko.dv.ancorathemes.com/wp-content/plugins/trx_addons/components/api/elementor/elementor.php(789): trx_addons_sc_blogger()
#3 /var/www/vhosts/gerasko.dv.ancorathemes.com/gutentype.gerasko.dv.ancorathemes.com/wp-content/plugins/elementor/includes/base/controls-stack.php(1892): TRX_Addons_Elementor_Widget->render()
#4 /var/www/vhosts/gerasko.dv.ancorathemes.com/gutentype.gerasko.dv.ancorathemes.com/wp-content/plugins/elementor/includes/base/widget-base.php(549): Elementor\Controls_Stack->render_by_mode()
#5 /var/www/vhosts/gerasko.dv.ancorathemes.com/gutentype.gerasko.dv.ancorathemes.com/wp-content/plugins/elementor/includes/base/widget-base.php(602): Elementor\Widget_Base->render_content()
#6 /var/www/vhosts/gerasko.dv.ancorathemes.com/gutentype.gerasko.dv.ancorathemes.com/wp-content/plugins/elementor/includes/db.php(202): Elementor\Widget_Base->render_plain_content()
#7 /var/www/vhosts/gerasko.dv.ancorathemes.com/gutentype.gerasko.dv.ancorathemes.com/wp-content/plugins/elementor/includes/db.php(208): Elementor\DB->render_element_plain_content()
#8 /var/www/vhosts/gerasko.dv.ancorathemes.com/gutentype.gerasko.dv.ancorathemes.com/wp-content/plugins/elementor/includes/db.php(208): Elementor\DB->render_element_plain_content()
#9 /var/www/vhosts/gerasko.dv.ancorathemes.com/gutentype.gerasko.dv.ancorathemes.com/wp-content/plugins/elementor/includes/db.php(558): Elementor\DB->render_element_plain_content()
#10 /var/www/vhosts/gerasko.dv.ancorathemes.com/gutentype.gerasko.dv.ancorathemes.com/wp-content/plugins/elementor/includes/db.php(539): Elementor\DB->get_plain_text_from_data()
#11 /var/www/vhosts/gerasko.dv.ancorathemes.com/gutentype.gerasko.dv.ancorathemes.com/wp-content/plugins/elementor/includes/db.php(230): Elementor\DB->get_plain_text()
#12 /var/www/vhosts/gerasko.dv.ancorathemes.com/gutentype.gerasko.dv.ancorathemes.com/wp-content/plugins/elementor/core/base/document.php(1040): Elementor\DB->save_plain_text()
#13 /var/www/vhosts/gerasko.dv.ancorathemes.com/gutentype.gerasko.dv.ancorathemes.com/wp-content/plugins/elementor/core/base/document.php(615): Elementor\Core\Base\Document->save_elements()
#14 /var/www/vhosts/gerasko.dv.ancorathemes.com/gutentype.gerasko.dv.ancorathemes.com/wp-content/plugins/elementor/core/documents-manager.php(512): Elementor\Core\Base\Document->save()
#15 [internal function]: Elementor\Core\Documents_Manager->ajax_save()
#16 /var/www/vhosts/gerasko.dv.ancorathemes.com/gutentype.gerasko.dv.ancorathemes.com/wp-content/plugins/elementor/core/common/modules/ajax/module.php(171): call_user_func()
#17 /var/www/vhosts/gerasko.dv.ancorathemes.com/gutentype.gerasko.dv.ancorathemes.com/wp-includes/class-wp-hook.php(292): Elementor\Core\Common\Modules\Ajax\Module->handle_ajax_request()
#18 /var/www/vhosts/gerasko.dv.ancorathemes.com/gutentype.gerasko.dv.ancorathemes.com/wp-includes/class-wp-hook.php(316): WP_Hook->apply_filters()
#19 /var/www/vhosts/gerasko.dv.ancorathemes.com/gutentype.gerasko.dv.ancorathemes.com/wp-includes/plugin.php(484): WP_Hook->do_action()
#20 /var/www/vhosts/gerasko.dv.ancorathemes.com/gutentype.gerasko.dv.ancorathemes.com/wp-admin/admin-ajax.php(187): do_action()
#21 {main}
  thrown in /var/www/vhosts/gerasko.dv.ancorathemes.com/gutentype.gerasko.dv.ancorathemes.com/wp-content/plugins/trx_addons/components/shortcodes/blogger/tpl.default.php on line 61

2021-07-08T10:57:44+00:00 CRITICAL Uncaught TypeError: count(): Argument #1 ($var) must be of type Countable|array, null given in /var/www/vhosts/gerasko.dv.ancorathemes.com/gutentype.gerasko.dv.ancorathemes.com/wp-content/plugins/trx_addons/components/shortcodes/blogger/tpl.default.php:61
Stack trace:
#0 /var/www/vhosts/gerasko.dv.ancorathemes.com/gutentype.gerasko.dv.ancorathemes.com/wp-content/plugins/trx_addons/includes/plugin.utils.php(503): include()
#1 /var/www/vhosts/gerasko.dv.ancorathemes.com/gutentype.gerasko.dv.ancorathemes.com/wp-content/plugins/trx_addons/components/shortcodes/blogger/blogger.php(122): trx_addons_get_template_part()
#2 /var/www/vhosts/gerasko.dv.ancorathemes.com/gutentype.gerasko.dv.ancorathemes.com/wp-content/plugins/trx_addons/components/api/elementor/elementor.php(789): trx_addons_sc_blogger()
#3 /var/www/vhosts/gerasko.dv.ancorathemes.com/gutentype.gerasko.dv.ancorathemes.com/wp-content/plugins/elementor/includes/base/controls-stack.php(1892): TRX_Addons_Elementor_Widget->render()
#4 /var/www/vhosts/gerasko.dv.ancorathemes.com/gutentype.gerasko.dv.ancorathemes.com/wp-content/plugins/elementor/includes/base/widget-base.php(549): Elementor\Controls_Stack->render_by_mode()
#5 /var/www/vhosts/gerasko.dv.ancorathemes.com/gutentype.gerasko.dv.ancorathemes.com/wp-content/plugins/elementor/core/base/document.php(258): Elementor\Widget_Base->render_content()
#6 /var/www/vhosts/gerasko.dv.ancorathemes.com/gutentype.gerasko.dv.ancorathemes.com/wp-content/plugins/elementor/includes/managers/widgets.php(323): Elementor\Core\Base\Document->render_element()
#7 [internal function]: Elementor\Widgets_Manager->ajax_render_widget()
#8 /var/www/vhosts/gerasko.dv.ancorathemes.com/gutentype.gerasko.dv.ancorathemes.com/wp-content/plugins/elementor/core/common/modules/ajax/module.php(171): call_user_func()
#9 /var/www/vhosts/gerasko.dv.ancorathemes.com/gutentype.gerasko.dv.ancorathemes.com/wp-includes/class-wp-hook.php(292): Elementor\Core\Common\Modules\Ajax\Module->handle_ajax_request()
#10 /var/www/vhosts/gerasko.dv.ancorathemes.com/gutentype.gerasko.dv.ancorathemes.com/wp-includes/class-wp-hook.php(316): WP_Hook->apply_filters()
#11 /var/www/vhosts/gerasko.dv.ancorathemes.com/gutentype.gerasko.dv.ancorathemes.com/wp-includes/plugin.php(484): WP_Hook->do_action()
#12 /var/www/vhosts/gerasko.dv.ancorathemes.com/gutentype.gerasko.dv.ancorathemes.com/wp-admin/admin-ajax.php(187): do_action()
#13 {main}
  thrown in /var/www/vhosts/gerasko.dv.ancorathemes.com/gutentype.gerasko.dv.ancorathemes.com/wp-content/plugins/trx_addons/components/shortcodes/blogger/tpl.default.php on line 61

2021-07-08T10:57:46+00:00 CRITICAL Uncaught TypeError: count(): Argument #1 ($var) must be of type Countable|array, null given in /var/www/vhosts/gerasko.dv.ancorathemes.com/gutentype.gerasko.dv.ancorathemes.com/wp-content/plugins/trx_addons/components/shortcodes/blogger/tpl.default.php:61
Stack trace:
#0 /var/www/vhosts/gerasko.dv.ancorathemes.com/gutentype.gerasko.dv.ancorathemes.com/wp-content/plugins/trx_addons/includes/plugin.utils.php(503): include()
#1 /var/www/vhosts/gerasko.dv.ancorathemes.com/gutentype.gerasko.dv.ancorathemes.com/wp-content/plugins/trx_addons/components/shortcodes/blogger/blogger.php(122): trx_addons_get_template_part()
#2 /var/www/vhosts/gerasko.dv.ancorathemes.com/gutentype.gerasko.dv.ancorathemes.com/wp-content/plugins/trx_addons/components/api/elementor/elementor.php(789): trx_addons_sc_blogger()
#3 /var/www/vhosts/gerasko.dv.ancorathemes.com/gutentype.gerasko.dv.ancorathemes.com/wp-content/plugins/elementor/includes/base/controls-stack.php(1892): TRX_Addons_Elementor_Widget->render()
#4 /var/www/vhosts/gerasko.dv.ancorathemes.com/gutentype.gerasko.dv.ancorathemes.com/wp-content/plugins/elementor/includes/base/widget-base.php(549): Elementor\Controls_Stack->render_by_mode()
#5 /var/www/vhosts/gerasko.dv.ancorathemes.com/gutentype.gerasko.dv.ancorathemes.com/wp-content/plugins/elementor/includes/base/widget-base.php(602): Elementor\Widget_Base->render_content()
#6 /var/www/vhosts/gerasko.dv.ancorathemes.com/gutentype.gerasko.dv.ancorathemes.com/wp-content/plugins/elementor/includes/db.php(202): Elementor\Widget_Base->render_plain_content()
#7 /var/www/vhosts/gerasko.dv.ancorathemes.com/gutentype.gerasko.dv.ancorathemes.com/wp-content/plugins/elementor/includes/db.php(208): Elementor\DB->render_element_plain_content()
#8 /var/www/vhosts/gerasko.dv.ancorathemes.com/gutentype.gerasko.dv.ancorathemes.com/wp-content/plugins/elementor/includes/db.php(208): Elementor\DB->render_element_plain_content()
#9 /var/www/vhosts/gerasko.dv.ancorathemes.com/gutentype.gerasko.dv.ancorathemes.com/wp-content/plugins/elementor/includes/db.php(558): Elementor\DB->render_element_plain_content()
#10 /var/www/vhosts/gerasko.dv.ancorathemes.com/gutentype.gerasko.dv.ancorathemes.com/wp-content/plugins/elementor/includes/db.php(539): Elementor\DB->get_plain_text_from_data()
#11 /var/www/vhosts/gerasko.dv.ancorathemes.com/gutentype.gerasko.dv.ancorathemes.com/wp-content/plugins/elementor/includes/db.php(230): Elementor\DB->get_plain_text()
#12 /var/www/vhosts/gerasko.dv.ancorathemes.com/gutentype.gerasko.dv.ancorathemes.com/wp-content/plugins/elementor/core/base/document.php(1040): Elementor\DB->save_plain_text()
#13 /var/www/vhosts/gerasko.dv.ancorathemes.com/gutentype.gerasko.dv.ancorathemes.com/wp-content/plugins/elementor/core/base/document.php(615): Elementor\Core\Base\Document->save_elements()
#14 /var/www/vhosts/gerasko.dv.ancorathemes.com/gutentype.gerasko.dv.ancorathemes.com/wp-content/plugins/elementor/core/documents-manager.php(512): Elementor\Core\Base\Document->save()
#15 [internal function]: Elementor\Core\Documents_Manager->ajax_save()
#16 /var/www/vhosts/gerasko.dv.ancorathemes.com/gutentype.gerasko.dv.ancorathemes.com/wp-content/plugins/elementor/core/common/modules/ajax/module.php(171): call_user_func()
#17 /var/www/vhosts/gerasko.dv.ancorathemes.com/gutentype.gerasko.dv.ancorathemes.com/wp-includes/class-wp-hook.php(292): Elementor\Core\Common\Modules\Ajax\Module->handle_ajax_request()
#18 /var/www/vhosts/gerasko.dv.ancorathemes.com/gutentype.gerasko.dv.ancorathemes.com/wp-includes/class-wp-hook.php(316): WP_Hook->apply_filters()
#19 /var/www/vhosts/gerasko.dv.ancorathemes.com/gutentype.gerasko.dv.ancorathemes.com/wp-includes/plugin.php(484): WP_Hook->do_action()
#20 /var/www/vhosts/gerasko.dv.ancorathemes.com/gutentype.gerasko.dv.ancorathemes.com/wp-admin/admin-ajax.php(187): do_action()
#21 {main}
  thrown in /var/www/vhosts/gerasko.dv.ancorathemes.com/gutentype.gerasko.dv.ancorathemes.com/wp-content/plugins/trx_addons/components/shortcodes/blogger/tpl.default.php on line 61

2021-07-08T10:57:49+00:00 CRITICAL Uncaught TypeError: count(): Argument #1 ($var) must be of type Countable|array, null given in /var/www/vhosts/gerasko.dv.ancorathemes.com/gutentype.gerasko.dv.ancorathemes.com/wp-content/plugins/trx_addons/components/shortcodes/blogger/tpl.default.php:61
Stack trace:
#0 /var/www/vhosts/gerasko.dv.ancorathemes.com/gutentype.gerasko.dv.ancorathemes.com/wp-content/plugins/trx_addons/includes/plugin.utils.php(503): include()
#1 /var/www/vhosts/gerasko.dv.ancorathemes.com/gutentype.gerasko.dv.ancorathemes.com/wp-content/plugins/trx_addons/components/shortcodes/blogger/blogger.php(122): trx_addons_get_template_part()
#2 /var/www/vhosts/gerasko.dv.ancorathemes.com/gutentype.gerasko.dv.ancorathemes.com/wp-content/plugins/trx_addons/components/api/elementor/elementor.php(789): trx_addons_sc_blogger()
#3 /var/www/vhosts/gerasko.dv.ancorathemes.com/gutentype.gerasko.dv.ancorathemes.com/wp-content/plugins/elementor/includes/base/controls-stack.php(1892): TRX_Addons_Elementor_Widget->render()
#4 /var/www/vhosts/gerasko.dv.ancorathemes.com/gutentype.gerasko.dv.ancorathemes.com/wp-content/plugins/elementor/includes/base/widget-base.php(549): Elementor\Controls_Stack->render_by_mode()
#5 /var/www/vhosts/gerasko.dv.ancorathemes.com/gutentype.gerasko.dv.ancorathemes.com/wp-content/plugins/elementor/core/base/document.php(258): Elementor\Widget_Base->render_content()
#6 /var/www/vhosts/gerasko.dv.ancorathemes.com/gutentype.gerasko.dv.ancorathemes.com/wp-content/plugins/elementor/includes/managers/widgets.php(323): Elementor\Core\Base\Document->render_element()
#7 [internal function]: Elementor\Widgets_Manager->ajax_render_widget()
#8 /var/www/vhosts/gerasko.dv.ancorathemes.com/gutentype.gerasko.dv.ancorathemes.com/wp-content/plugins/elementor/core/common/modules/ajax/module.php(171): call_user_func()
#9 /var/www/vhosts/gerasko.dv.ancorathemes.com/gutentype.gerasko.dv.ancorathemes.com/wp-includes/class-wp-hook.php(292): Elementor\Core\Common\Modules\Ajax\Module->handle_ajax_request()
#10 /var/www/vhosts/gerasko.dv.ancorathemes.com/gutentype.gerasko.dv.ancorathemes.com/wp-includes/class-wp-hook.php(316): WP_Hook->apply_filters()
#11 /var/www/vhosts/gerasko.dv.ancorathemes.com/gutentype.gerasko.dv.ancorathemes.com/wp-includes/plugin.php(484): WP_Hook->do_action()
#12 /var/www/vhosts/gerasko.dv.ancorathemes.com/gutentype.gerasko.dv.ancorathemes.com/wp-admin/admin-ajax.php(187): do_action()
#13 {main}
  thrown in /var/www/vhosts/gerasko.dv.ancorathemes.com/gutentype.gerasko.dv.ancorathemes.com/wp-content/plugins/trx_addons/components/shortcodes/blogger/tpl.default.php on line 61

2021-07-08T10:57:52+00:00 CRITICAL Uncaught TypeError: count(): Argument #1 ($var) must be of type Countable|array, null given in /var/www/vhosts/gerasko.dv.ancorathemes.com/gutentype.gerasko.dv.ancorathemes.com/wp-content/plugins/trx_addons/components/shortcodes/blogger/tpl.default.php:61
Stack trace:
#0 /var/www/vhosts/gerasko.dv.ancorathemes.com/gutentype.gerasko.dv.ancorathemes.com/wp-content/plugins/trx_addons/includes/plugin.utils.php(503): include()
#1 /var/www/vhosts/gerasko.dv.ancorathemes.com/gutentype.gerasko.dv.ancorathemes.com/wp-content/plugins/trx_addons/components/shortcodes/blogger/blogger.php(122): trx_addons_get_template_part()
#2 /var/www/vhosts/gerasko.dv.ancorathemes.com/gutentype.gerasko.dv.ancorathemes.com/wp-content/plugins/trx_addons/components/api/elementor/elementor.php(789): trx_addons_sc_blogger()
#3 /var/www/vhosts/gerasko.dv.ancorathemes.com/gutentype.gerasko.dv.ancorathemes.com/wp-content/plugins/elementor/includes/base/controls-stack.php(1892): TRX_Addons_Elementor_Widget->render()
#4 /var/www/vhosts/gerasko.dv.ancorathemes.com/gutentype.gerasko.dv.ancorathemes.com/wp-content/plugins/elementor/includes/base/widget-base.php(549): Elementor\Controls_Stack->render_by_mode()
#5 /var/www/vhosts/gerasko.dv.ancorathemes.com/gutentype.gerasko.dv.ancorathemes.com/wp-content/plugins/elementor/includes/base/widget-base.php(602): Elementor\Widget_Base->render_content()
#6 /var/www/vhosts/gerasko.dv.ancorathemes.com/gutentype.gerasko.dv.ancorathemes.com/wp-content/plugins/elementor/includes/db.php(202): Elementor\Widget_Base->render_plain_content()
#7 /var/www/vhosts/gerasko.dv.ancorathemes.com/gutentype.gerasko.dv.ancorathemes.com/wp-content/plugins/elementor/includes/db.php(208): Elementor\DB->render_element_plain_content()
#8 /var/www/vhosts/gerasko.dv.ancorathemes.com/gutentype.gerasko.dv.ancorathemes.com/wp-content/plugins/elementor/includes/db.php(208): Elementor\DB->render_element_plain_content()
#9 /var/www/vhosts/gerasko.dv.ancorathemes.com/gutentype.gerasko.dv.ancorathemes.com/wp-content/plugins/elementor/includes/db.php(558): Elementor\DB->render_element_plain_content()
#10 /var/www/vhosts/gerasko.dv.ancorathemes.com/gutentype.gerasko.dv.ancorathemes.com/wp-content/plugins/elementor/includes/db.php(539): Elementor\DB->get_plain_text_from_data()
#11 /var/www/vhosts/gerasko.dv.ancorathemes.com/gutentype.gerasko.dv.ancorathemes.com/wp-content/plugins/elementor/includes/db.php(230): Elementor\DB->get_plain_text()
#12 /var/www/vhosts/gerasko.dv.ancorathemes.com/gutentype.gerasko.dv.ancorathemes.com/wp-content/plugins/elementor/core/base/document.php(1040): Elementor\DB->save_plain_text()
#13 /var/www/vhosts/gerasko.dv.ancorathemes.com/gutentype.gerasko.dv.ancorathemes.com/wp-content/plugins/elementor/core/base/document.php(615): Elementor\Core\Base\Document->save_elements()
#14 /var/www/vhosts/gerasko.dv.ancorathemes.com/gutentype.gerasko.dv.ancorathemes.com/wp-content/plugins/elementor/core/documents-manager.php(512): Elementor\Core\Base\Document->save()
#15 [internal function]: Elementor\Core\Documents_Manager->ajax_save()
#16 /var/www/vhosts/gerasko.dv.ancorathemes.com/gutentype.gerasko.dv.ancorathemes.com/wp-content/plugins/elementor/core/common/modules/ajax/module.php(171): call_user_func()
#17 /var/www/vhosts/gerasko.dv.ancorathemes.com/gutentype.gerasko.dv.ancorathemes.com/wp-includes/class-wp-hook.php(292): Elementor\Core\Common\Modules\Ajax\Module->handle_ajax_request()
#18 /var/www/vhosts/gerasko.dv.ancorathemes.com/gutentype.gerasko.dv.ancorathemes.com/wp-includes/class-wp-hook.php(316): WP_Hook->apply_filters()
#19 /var/www/vhosts/gerasko.dv.ancorathemes.com/gutentype.gerasko.dv.ancorathemes.com/wp-includes/plugin.php(484): WP_Hook->do_action()
#20 /var/www/vhosts/gerasko.dv.ancorathemes.com/gutentype.gerasko.dv.ancorathemes.com/wp-admin/admin-ajax.php(187): do_action()
#21 {main}
  thrown in /var/www/vhosts/gerasko.dv.ancorathemes.com/gutentype.gerasko.dv.ancorathemes.com/wp-content/plugins/trx_addons/components/shortcodes/blogger/tpl.default.php on line 61

2021-07-08T10:57:56+00:00 CRITICAL Uncaught TypeError: count(): Argument #1 ($var) must be of type Countable|array, null given in /var/www/vhosts/gerasko.dv.ancorathemes.com/gutentype.gerasko.dv.ancorathemes.com/wp-content/plugins/trx_addons/components/shortcodes/blogger/tpl.default.php:61
Stack trace:
#0 /var/www/vhosts/gerasko.dv.ancorathemes.com/gutentype.gerasko.dv.ancorathemes.com/wp-content/plugins/trx_addons/includes/plugin.utils.php(503): include()
#1 /var/www/vhosts/gerasko.dv.ancorathemes.com/gutentype.gerasko.dv.ancorathemes.com/wp-content/plugins/trx_addons/components/shortcodes/blogger/blogger.php(122): trx_addons_get_template_part()
#2 /var/www/vhosts/gerasko.dv.ancorathemes.com/gutentype.gerasko.dv.ancorathemes.com/wp-content/plugins/trx_addons/components/api/elementor/elementor.php(789): trx_addons_sc_blogger()
#3 /var/www/vhosts/gerasko.dv.ancorathemes.com/gutentype.gerasko.dv.ancorathemes.com/wp-content/plugins/elementor/includes/base/controls-stack.php(1892): TRX_Addons_Elementor_Widget->render()
#4 /var/www/vhosts/gerasko.dv.ancorathemes.com/gutentype.gerasko.dv.ancorathemes.com/wp-content/plugins/elementor/includes/base/widget-base.php(549): Elementor\Controls_Stack->render_by_mode()
#5 /var/www/vhosts/gerasko.dv.ancorathemes.com/gutentype.gerasko.dv.ancorathemes.com/wp-content/plugins/elementor/core/base/document.php(258): Elementor\Widget_Base->render_content()
#6 /var/www/vhosts/gerasko.dv.ancorathemes.com/gutentype.gerasko.dv.ancorathemes.com/wp-content/plugins/elementor/includes/managers/widgets.php(323): Elementor\Core\Base\Document->render_element()
#7 [internal function]: Elementor\Widgets_Manager->ajax_render_widget()
#8 /var/www/vhosts/gerasko.dv.ancorathemes.com/gutentype.gerasko.dv.ancorathemes.com/wp-content/plugins/elementor/core/common/modules/ajax/module.php(171): call_user_func()
#9 /var/www/vhosts/gerasko.dv.ancorathemes.com/gutentype.gerasko.dv.ancorathemes.com/wp-includes/class-wp-hook.php(292): Elementor\Core\Common\Modules\Ajax\Module->handle_ajax_request()
#10 /var/www/vhosts/gerasko.dv.ancorathemes.com/gutentype.gerasko.dv.ancorathemes.com/wp-includes/class-wp-hook.php(316): WP_Hook->apply_filters()
#11 /var/www/vhosts/gerasko.dv.ancorathemes.com/gutentype.gerasko.dv.ancorathemes.com/wp-includes/plugin.php(484): WP_Hook->do_action()
#12 /var/www/vhosts/gerasko.dv.ancorathemes.com/gutentype.gerasko.dv.ancorathemes.com/wp-admin/admin-ajax.php(187): do_action()
#13 {main}
  thrown in /var/www/vhosts/gerasko.dv.ancorathemes.com/gutentype.gerasko.dv.ancorathemes.com/wp-content/plugins/trx_addons/components/shortcodes/blogger/tpl.default.php on line 61

2021-07-08T10:57:58+00:00 CRITICAL Uncaught TypeError: count(): Argument #1 ($var) must be of type Countable|array, null given in /var/www/vhosts/gerasko.dv.ancorathemes.com/gutentype.gerasko.dv.ancorathemes.com/wp-content/plugins/trx_addons/components/shortcodes/blogger/tpl.default.php:61
Stack trace:
#0 /var/www/vhosts/gerasko.dv.ancorathemes.com/gutentype.gerasko.dv.ancorathemes.com/wp-content/plugins/trx_addons/includes/plugin.utils.php(503): include()
#1 /var/www/vhosts/gerasko.dv.ancorathemes.com/gutentype.gerasko.dv.ancorathemes.com/wp-content/plugins/trx_addons/components/shortcodes/blogger/blogger.php(122): trx_addons_get_template_part()
#2 /var/www/vhosts/gerasko.dv.ancorathemes.com/gutentype.gerasko.dv.ancorathemes.com/wp-content/plugins/trx_addons/components/api/elementor/elementor.php(789): trx_addons_sc_blogger()
#3 /var/www/vhosts/gerasko.dv.ancorathemes.com/gutentype.gerasko.dv.ancorathemes.com/wp-content/plugins/elementor/includes/base/controls-stack.php(1892): TRX_Addons_Elementor_Widget->render()
#4 /var/www/vhosts/gerasko.dv.ancorathemes.com/gutentype.gerasko.dv.ancorathemes.com/wp-content/plugins/elementor/includes/base/widget-base.php(549): Elementor\Controls_Stack->render_by_mode()
#5 /var/www/vhosts/gerasko.dv.ancorathemes.com/gutentype.gerasko.dv.ancorathemes.com/wp-content/plugins/elementor/core/base/document.php(258): Elementor\Widget_Base->render_content()
#6 /var/www/vhosts/gerasko.dv.ancorathemes.com/gutentype.gerasko.dv.ancorathemes.com/wp-content/plugins/elementor/includes/managers/widgets.php(323): Elementor\Core\Base\Document->render_element()
#7 [internal function]: Elementor\Widgets_Manager->ajax_render_widget()
#8 /var/www/vhosts/gerasko.dv.ancorathemes.com/gutentype.gerasko.dv.ancorathemes.com/wp-content/plugins/elementor/core/common/modules/ajax/module.php(171): call_user_func()
#9 /var/www/vhosts/gerasko.dv.ancorathemes.com/gutentype.gerasko.dv.ancorathemes.com/wp-includes/class-wp-hook.php(292): Elementor\Core\Common\Modules\Ajax\Module->handle_ajax_request()
#10 /var/www/vhosts/gerasko.dv.ancorathemes.com/gutentype.gerasko.dv.ancorathemes.com/wp-includes/class-wp-hook.php(316): WP_Hook->apply_filters()
#11 /var/www/vhosts/gerasko.dv.ancorathemes.com/gutentype.gerasko.dv.ancorathemes.com/wp-includes/plugin.php(484): WP_Hook->do_action()
#12 /var/www/vhosts/gerasko.dv.ancorathemes.com/gutentype.gerasko.dv.ancorathemes.com/wp-admin/admin-ajax.php(187): do_action()
#13 {main}
  thrown in /var/www/vhosts/gerasko.dv.ancorathemes.com/gutentype.gerasko.dv.ancorathemes.com/wp-content/plugins/trx_addons/components/shortcodes/blogger/tpl.default.php on line 61

2021-07-08T10:58:58+00:00 CRITICAL Uncaught TypeError: count(): Argument #1 ($var) must be of type Countable|array, null given in /var/www/vhosts/gerasko.dv.ancorathemes.com/gutentype.gerasko.dv.ancorathemes.com/wp-content/plugins/trx_addons/components/shortcodes/blogger/tpl.default.php:61
Stack trace:
#0 /var/www/vhosts/gerasko.dv.ancorathemes.com/gutentype.gerasko.dv.ancorathemes.com/wp-content/plugins/trx_addons/includes/plugin.utils.php(503): include()
#1 /var/www/vhosts/gerasko.dv.ancorathemes.com/gutentype.gerasko.dv.ancorathemes.com/wp-content/plugins/trx_addons/components/shortcodes/blogger/blogger.php(122): trx_addons_get_template_part()
#2 /var/www/vhosts/gerasko.dv.ancorathemes.com/gutentype.gerasko.dv.ancorathemes.com/wp-content/plugins/trx_addons/components/api/elementor/elementor.php(789): trx_addons_sc_blogger()
#3 /var/www/vhosts/gerasko.dv.ancorathemes.com/gutentype.gerasko.dv.ancorathemes.com/wp-content/plugins/elementor/includes/base/controls-stack.php(1892): TRX_Addons_Elementor_Widget->render()
#4 /var/www/vhosts/gerasko.dv.ancorathemes.com/gutentype.gerasko.dv.ancorathemes.com/wp-content/plugins/elementor/includes/base/widget-base.php(549): Elementor\Controls_Stack->render_by_mode()
#5 /var/www/vhosts/gerasko.dv.ancorathemes.com/gutentype.gerasko.dv.ancorathemes.com/wp-content/plugins/elementor/includes/base/widget-base.php(602): Elementor\Widget_Base->render_content()
#6 /var/www/vhosts/gerasko.dv.ancorathemes.com/gutentype.gerasko.dv.ancorathemes.com/wp-content/plugins/elementor/includes/db.php(202): Elementor\Widget_Base->render_plain_content()
#7 /var/www/vhosts/gerasko.dv.ancorathemes.com/gutentype.gerasko.dv.ancorathemes.com/wp-content/plugins/elementor/includes/db.php(208): Elementor\DB->render_element_plain_content()
#8 /var/www/vhosts/gerasko.dv.ancorathemes.com/gutentype.gerasko.dv.ancorathemes.com/wp-content/plugins/elementor/includes/db.php(208): Elementor\DB->render_element_plain_content()
#9 /var/www/vhosts/gerasko.dv.ancorathemes.com/gutentype.gerasko.dv.ancorathemes.com/wp-content/plugins/elementor/includes/db.php(558): Elementor\DB->render_element_plain_content()
#10 /var/www/vhosts/gerasko.dv.ancorathemes.com/gutentype.gerasko.dv.ancorathemes.com/wp-content/plugins/elementor/includes/db.php(539): Elementor\DB->get_plain_text_from_data()
#11 /var/www/vhosts/gerasko.dv.ancorathemes.com/gutentype.gerasko.dv.ancorathemes.com/wp-content/plugins/elementor/includes/db.php(230): Elementor\DB->get_plain_text()
#12 /var/www/vhosts/gerasko.dv.ancorathemes.com/gutentype.gerasko.dv.ancorathemes.com/wp-content/plugins/elementor/core/base/document.php(1040): Elementor\DB->save_plain_text()
#13 /var/www/vhosts/gerasko.dv.ancorathemes.com/gutentype.gerasko.dv.ancorathemes.com/wp-content/plugins/elementor/core/base/document.php(615): Elementor\Core\Base\Document->save_elements()
#14 /var/www/vhosts/gerasko.dv.ancorathemes.com/gutentype.gerasko.dv.ancorathemes.com/wp-content/plugins/elementor/core/documents-manager.php(512): Elementor\Core\Base\Document->save()
#15 [internal function]: Elementor\Core\Documents_Manager->ajax_save()
#16 /var/www/vhosts/gerasko.dv.ancorathemes.com/gutentype.gerasko.dv.ancorathemes.com/wp-content/plugins/elementor/core/common/modules/ajax/module.php(171): call_user_func()
#17 /var/www/vhosts/gerasko.dv.ancorathemes.com/gutentype.gerasko.dv.ancorathemes.com/wp-includes/class-wp-hook.php(292): Elementor\Core\Common\Modules\Ajax\Module->handle_ajax_request()
#18 /var/www/vhosts/gerasko.dv.ancorathemes.com/gutentype.gerasko.dv.ancorathemes.com/wp-includes/class-wp-hook.php(316): WP_Hook->apply_filters()
#19 /var/www/vhosts/gerasko.dv.ancorathemes.com/gutentype.gerasko.dv.ancorathemes.com/wp-includes/plugin.php(484): WP_Hook->do_action()
#20 /var/www/vhosts/gerasko.dv.ancorathemes.com/gutentype.gerasko.dv.ancorathemes.com/wp-admin/admin-ajax.php(187): do_action()
#21 {main}
  thrown in /var/www/vhosts/gerasko.dv.ancorathemes.com/gutentype.gerasko.dv.ancorathemes.com/wp-content/plugins/trx_addons/components/shortcodes/blogger/tpl.default.php on line 61

2021-07-08T10:59:35+00:00 CRITICAL Uncaught TypeError: count(): Argument #1 ($var) must be of type Countable|array, null given in /var/www/vhosts/gerasko.dv.ancorathemes.com/gutentype.gerasko.dv.ancorathemes.com/wp-content/plugins/trx_addons/components/shortcodes/blogger/tpl.default.php:61
Stack trace:
#0 /var/www/vhosts/gerasko.dv.ancorathemes.com/gutentype.gerasko.dv.ancorathemes.com/wp-content/plugins/trx_addons/includes/plugin.utils.php(503): include()
#1 /var/www/vhosts/gerasko.dv.ancorathemes.com/gutentype.gerasko.dv.ancorathemes.com/wp-content/plugins/trx_addons/components/shortcodes/blogger/blogger.php(122): trx_addons_get_template_part()
#2 /var/www/vhosts/gerasko.dv.ancorathemes.com/gutentype.gerasko.dv.ancorathemes.com/wp-content/plugins/trx_addons/components/api/elementor/elementor.php(789): trx_addons_sc_blogger()
#3 /var/www/vhosts/gerasko.dv.ancorathemes.com/gutentype.gerasko.dv.ancorathemes.com/wp-content/plugins/elementor/includes/base/controls-stack.php(1892): TRX_Addons_Elementor_Widget->render()
#4 /var/www/vhosts/gerasko.dv.ancorathemes.com/gutentype.gerasko.dv.ancorathemes.com/wp-content/plugins/elementor/includes/base/widget-base.php(549): Elementor\Controls_Stack->render_by_mode()
#5 /var/www/vhosts/gerasko.dv.ancorathemes.com/gutentype.gerasko.dv.ancorathemes.com/wp-content/plugins/elementor/core/base/document.php(258): Elementor\Widget_Base->render_content()
#6 /var/www/vhosts/gerasko.dv.ancorathemes.com/gutentype.gerasko.dv.ancorathemes.com/wp-content/plugins/elementor/includes/managers/widgets.php(323): Elementor\Core\Base\Document->render_element()
#7 [internal function]: Elementor\Widgets_Manager->ajax_render_widget()
#8 /var/www/vhosts/gerasko.dv.ancorathemes.com/gutentype.gerasko.dv.ancorathemes.com/wp-content/plugins/elementor/core/common/modules/ajax/module.php(171): call_user_func()
#9 /var/www/vhosts/gerasko.dv.ancorathemes.com/gutentype.gerasko.dv.ancorathemes.com/wp-includes/class-wp-hook.php(292): Elementor\Core\Common\Modules\Ajax\Module->handle_ajax_request()
#10 /var/www/vhosts/gerasko.dv.ancorathemes.com/gutentype.gerasko.dv.ancorathemes.com/wp-includes/class-wp-hook.php(316): WP_Hook->apply_filters()
#11 /var/www/vhosts/gerasko.dv.ancorathemes.com/gutentype.gerasko.dv.ancorathemes.com/wp-includes/plugin.php(484): WP_Hook->do_action()
#12 /var/www/vhosts/gerasko.dv.ancorathemes.com/gutentype.gerasko.dv.ancorathemes.com/wp-admin/admin-ajax.php(187): do_action()
#13 {main}
  thrown in /var/www/vhosts/gerasko.dv.ancorathemes.com/gutentype.gerasko.dv.ancorathemes.com/wp-content/plugins/trx_addons/components/shortcodes/blogger/tpl.default.php on line 61

2021-07-08T10:59:38+00:00 CRITICAL Uncaught TypeError: count(): Argument #1 ($var) must be of type Countable|array, null given in /var/www/vhosts/gerasko.dv.ancorathemes.com/gutentype.gerasko.dv.ancorathemes.com/wp-content/plugins/trx_addons/components/shortcodes/blogger/tpl.default.php:61
Stack trace:
#0 /var/www/vhosts/gerasko.dv.ancorathemes.com/gutentype.gerasko.dv.ancorathemes.com/wp-content/plugins/trx_addons/includes/plugin.utils.php(503): include()
#1 /var/www/vhosts/gerasko.dv.ancorathemes.com/gutentype.gerasko.dv.ancorathemes.com/wp-content/plugins/trx_addons/components/shortcodes/blogger/blogger.php(122): trx_addons_get_template_part()
#2 /var/www/vhosts/gerasko.dv.ancorathemes.com/gutentype.gerasko.dv.ancorathemes.com/wp-content/plugins/trx_addons/components/api/elementor/elementor.php(789): trx_addons_sc_blogger()
#3 /var/www/vhosts/gerasko.dv.ancorathemes.com/gutentype.gerasko.dv.ancorathemes.com/wp-content/plugins/elementor/includes/base/controls-stack.php(1892): TRX_Addons_Elementor_Widget->render()
#4 /var/www/vhosts/gerasko.dv.ancorathemes.com/gutentype.gerasko.dv.ancorathemes.com/wp-content/plugins/elementor/includes/base/widget-base.php(549): Elementor\Controls_Stack->render_by_mode()
#5 /var/www/vhosts/gerasko.dv.ancorathemes.com/gutentype.gerasko.dv.ancorathemes.com/wp-content/plugins/elementor/core/base/document.php(258): Elementor\Widget_Base->render_content()
#6 /var/www/vhosts/gerasko.dv.ancorathemes.com/gutentype.gerasko.dv.ancorathemes.com/wp-content/plugins/elementor/includes/managers/widgets.php(323): Elementor\Core\Base\Document->render_element()
#7 [internal function]: Elementor\Widgets_Manager->ajax_render_widget()
#8 /var/www/vhosts/gerasko.dv.ancorathemes.com/gutentype.gerasko.dv.ancorathemes.com/wp-content/plugins/elementor/core/common/modules/ajax/module.php(171): call_user_func()
#9 /var/www/vhosts/gerasko.dv.ancorathemes.com/gutentype.gerasko.dv.ancorathemes.com/wp-includes/class-wp-hook.php(292): Elementor\Core\Common\Modules\Ajax\Module->handle_ajax_request()
#10 /var/www/vhosts/gerasko.dv.ancorathemes.com/gutentype.gerasko.dv.ancorathemes.com/wp-includes/class-wp-hook.php(316): WP_Hook->apply_filters()
#11 /var/www/vhosts/gerasko.dv.ancorathemes.com/gutentype.gerasko.dv.ancorathemes.com/wp-includes/plugin.php(484): WP_Hook->do_action()
#12 /var/www/vhosts/gerasko.dv.ancorathemes.com/gutentype.gerasko.dv.ancorathemes.com/wp-admin/admin-ajax.php(187): do_action()
#13 {main}
  thrown in /var/www/vhosts/gerasko.dv.ancorathemes.com/gutentype.gerasko.dv.ancorathemes.com/wp-content/plugins/trx_addons/components/shortcodes/blogger/tpl.default.php on line 61

2021-07-08T11:55:13+00:00 CRITICAL Unclosed '{' on line 23 in /var/www/vhosts/gerasko.dv.ancorathemes.com/gutentype.gerasko.dv.ancorathemes.com/wp-content/themes/gutentype/trx_addons/components/shortcodes/blogger/tpl.default_divided-item.php on line 98

2021-07-08T11:55:31+00:00 CRITICAL Unclosed '{' on line 23 in /var/www/vhosts/gerasko.dv.ancorathemes.com/gutentype.gerasko.dv.ancorathemes.com/wp-content/themes/gutentype/trx_addons/components/shortcodes/blogger/tpl.default_divided-item.php on line 98

2021-07-08T11:55:45+00:00 CRITICAL Unclosed '{' on line 23 in /var/www/vhosts/gerasko.dv.ancorathemes.com/gutentype.gerasko.dv.ancorathemes.com/wp-content/themes/gutentype/trx_addons/components/shortcodes/blogger/tpl.default_divided-item.php on line 98

2021-07-08T11:55:59+00:00 CRITICAL Unclosed '{' on line 23 in /var/www/vhosts/gerasko.dv.ancorathemes.com/gutentype.gerasko.dv.ancorathemes.com/wp-content/themes/gutentype/trx_addons/components/shortcodes/blogger/tpl.default_divided-item.php on line 98

2021-07-08T11:56:06+00:00 CRITICAL Unclosed '{' on line 23 in /var/www/vhosts/gerasko.dv.ancorathemes.com/gutentype.gerasko.dv.ancorathemes.com/wp-content/themes/gutentype/trx_addons/components/shortcodes/blogger/tpl.default_divided-item.php on line 99

2021-07-08T11:56:10+00:00 CRITICAL Unclosed '{' on line 23 in /var/www/vhosts/gerasko.dv.ancorathemes.com/gutentype.gerasko.dv.ancorathemes.com/wp-content/themes/gutentype/trx_addons/components/shortcodes/blogger/tpl.default_divided-item.php on line 109

2021-07-08T11:56:16+00:00 CRITICAL Unclosed '{' on line 23 in /var/www/vhosts/gerasko.dv.ancorathemes.com/gutentype.gerasko.dv.ancorathemes.com/wp-content/themes/gutentype/trx_addons/components/shortcodes/blogger/tpl.default_divided-item.php on line 109

2021-07-08T11:56:19+00:00 CRITICAL Unclosed '{' on line 23 in /var/www/vhosts/gerasko.dv.ancorathemes.com/gutentype.gerasko.dv.ancorathemes.com/wp-content/themes/gutentype/trx_addons/components/shortcodes/blogger/tpl.default_divided-item.php on line 109

2021-07-08T11:56:25+00:00 CRITICAL Unclosed '{' on line 23 in /var/www/vhosts/gerasko.dv.ancorathemes.com/gutentype.gerasko.dv.ancorathemes.com/wp-content/themes/gutentype/trx_addons/components/shortcodes/blogger/tpl.default_divided-item.php on line 109

2021-07-08T11:56:31+00:00 CRITICAL Unclosed '{' on line 23 in /var/www/vhosts/gerasko.dv.ancorathemes.com/gutentype.gerasko.dv.ancorathemes.com/wp-content/themes/gutentype/trx_addons/components/shortcodes/blogger/tpl.default_divided-item.php on line 109

2021-07-08T12:01:54+00:00 CRITICAL Uncaught Error: Call to undefined function url() in /var/www/vhosts/gerasko.dv.ancorathemes.com/gutentype.gerasko.dv.ancorathemes.com/wp-content/themes/gutentype/trx_addons/components/shortcodes/blogger/tpl.default_divided-item.php:35
Stack trace:
#0 /var/www/vhosts/gerasko.dv.ancorathemes.com/gutentype.gerasko.dv.ancorathemes.com/wp-content/plugins/trx_addons/includes/plugin.utils.php(503): include()
#1 /var/www/vhosts/gerasko.dv.ancorathemes.com/gutentype.gerasko.dv.ancorathemes.com/wp-content/plugins/trx_addons/components/shortcodes/blogger/tpl.default.php(128): trx_addons_get_template_part()
#2 /var/www/vhosts/gerasko.dv.ancorathemes.com/gutentype.gerasko.dv.ancorathemes.com/wp-content/plugins/trx_addons/includes/plugin.utils.php(503): include('...')
#3 /var/www/vhosts/gerasko.dv.ancorathemes.com/gutentype.gerasko.dv.ancorathemes.com/wp-content/plugins/trx_addons/components/shortcodes/blogger/blogger.php(122): trx_addons_get_template_part()
#4 /var/www/vhosts/gerasko.dv.ancorathemes.com/gutentype.gerasko.dv.ancorathemes.com/wp-content/plugins/trx_addons/components/api/elementor/elementor.php(789): trx_addons_sc_blogger()
#5 /var/www/vhosts/gerasko.dv.ancorathemes.com/gutentype.gerasko.dv.ancorathemes.com/wp-content/plugins/elementor/includes/base/controls-stack.php(1892): TRX_Addons_Elementor_Widget->render()
#6 /var/www/vhosts/gerasko.dv.ancorathemes.com/gutentype.gerasko.dv.ancorathemes.com/wp-content/plugins/elementor/includes/base/widget-base.php(549): Elementor\Controls_Stack->render_by_mode()
#7 /var/www/vhosts/gerasko.dv.ancorathemes.com/gutentype.gerasko.dv.ancorathemes.com/wp-content/plugins/elementor/includes/base/widget-base.php(679): Elementor\Widget_Base->render_content()
#8 /var/www/vhosts/gerasko.dv.ancorathemes.com/gutentype.gerasko.dv.ancorathemes.com/wp-content/plugins/elementor/includes/base/element-base.php(650): Elementor\Widget_Base->print_content()
#9 /var/www/vhosts/gerasko.dv.ancorathemes.com/gutentype.gerasko.dv.ancorathemes.com/wp-content/plugins/elementor/includes/base/element-base.php(911): Elementor\Element_Base->print_element()
#10 /var/www/vhosts/gerasko.dv.ancorathemes.com/gutentype.gerasko.dv.ancorathemes.com/wp-content/plugins/elementor/includes/base/element-base.php(650): Elementor\Element_Base->print_content()
#11 /var/www/vhosts/gerasko.dv.ancorathemes.com/gutentype.gerasko.dv.ancorathemes.com/wp-content/plugins/elementor/includes/base/element-base.php(911): Elementor\Element_Base->print_element()
#12 /var/www/vhosts/gerasko.dv.ancorathemes.com/gutentype.gerasko.dv.ancorathemes.com/wp-content/plugins/elementor/includes/base/element-base.php(650): Elementor\Element_Base->print_content()
#13 /var/www/vhosts/gerasko.dv.ancorathemes.com/gutentype.gerasko.dv.ancorathemes.com/wp-content/plugins/elementor/core/base/document.php(1420): Elementor\Element_Base->print_element()
#14 /var/www/vhosts/gerasko.dv.ancorathemes.com/gutentype.gerasko.dv.ancorathemes.com/wp-content/plugins/elementor/core/base/document.php(943): Elementor\Core\Base\Document->print_elements()
#15 /var/www/vhosts/gerasko.dv.ancorathemes.com/gutentype.gerasko.dv.ancorathemes.com/wp-content/plugins/elementor/includes/frontend.php(1010): Elementor\Core\Base\Document->print_elements_with_wrapper()
#16 /var/www/vhosts/gerasko.dv.ancorathemes.com/gutentype.gerasko.dv.ancorathemes.com/wp-content/plugins/elementor/includes/frontend.php(924): Elementor\Frontend->get_builder_content()
#17 /var/www/vhosts/gerasko.dv.ancorathemes.com/gutentype.gerasko.dv.ancorathemes.com/wp-includes/class-wp-hook.php(292): Elementor\Frontend->apply_builder_in_content()
#18 /var/www/vhosts/gerasko.dv.ancorathemes.com/gutentype.gerasko.dv.ancorathemes.com/wp-includes/plugin.php(212): WP_Hook->apply_filters()
#19 /var/www/vhosts/gerasko.dv.ancorathemes.com/gutentype.gerasko.dv.ancorathemes.com/wp-includes/post-template.php(253): apply_filters()
#20 /var/www/vhosts/gerasko.dv.ancorathemes.com/gutentype.gerasko.dv.ancorathemes.com/wp-content/themes/gutentype/content-page.php(53): the_content()
#21 /var/www/vhosts/gerasko.dv.ancorathemes.com/gutentype.gerasko.dv.ancorathemes.com/wp-includes/template.php(732): require('...')
#22 /var/www/vhosts/gerasko.dv.ancorathemes.com/gutentype.gerasko.dv.ancorathemes.com/wp-includes/template.php(676): load_template()
#23 /var/www/vhosts/gerasko.dv.ancorathemes.com/gutentype.gerasko.dv.ancorathemes.com/wp-includes/general-template.php(204): locate_template()
#24 /var/www/vhosts/gerasko.dv.ancorathemes.com/gutentype.gerasko.dv.ancorathemes.com/wp-content/themes/gutentype/page.php(15): get_template_part()
#25 /var/www/vhosts/gerasko.dv.ancorathemes.com/gutentype.gerasko.dv.ancorathemes.com/wp-includes/template-loader.php(106): include('...')
#26 /var/www/vhosts/gerasko.dv.ancorathemes.com/gutentype.gerasko.dv.ancorathemes.com/wp-blog-header.php(19): require_once('...')
#27 /var/www/vhosts/gerasko.dv.ancorathemes.com/gutentype.gerasko.dv.ancorathemes.com/index.php(17): require('...')
#28 {main}
  thrown in /var/www/vhosts/gerasko.dv.ancorathemes.com/gutentype.gerasko.dv.ancorathemes.com/wp-content/themes/gutentype/trx_addons/components/shortcodes/blogger/tpl.default_divided-item.php on line 35

2021-07-08T12:02:03+00:00 CRITICAL Uncaught Error: Call to undefined function url() in /var/www/vhosts/gerasko.dv.ancorathemes.com/gutentype.gerasko.dv.ancorathemes.com/wp-content/themes/gutentype/trx_addons/components/shortcodes/blogger/tpl.default_divided-item.php:35
Stack trace:
#0 /var/www/vhosts/gerasko.dv.ancorathemes.com/gutentype.gerasko.dv.ancorathemes.com/wp-content/plugins/trx_addons/includes/plugin.utils.php(503): include()
#1 /var/www/vhosts/gerasko.dv.ancorathemes.com/gutentype.gerasko.dv.ancorathemes.com/wp-content/plugins/trx_addons/components/shortcodes/blogger/tpl.default.php(128): trx_addons_get_template_part()
#2 /var/www/vhosts/gerasko.dv.ancorathemes.com/gutentype.gerasko.dv.ancorathemes.com/wp-content/plugins/trx_addons/includes/plugin.utils.php(503): include('...')
#3 /var/www/vhosts/gerasko.dv.ancorathemes.com/gutentype.gerasko.dv.ancorathemes.com/wp-content/plugins/trx_addons/components/shortcodes/blogger/blogger.php(122): trx_addons_get_template_part()
#4 /var/www/vhosts/gerasko.dv.ancorathemes.com/gutentype.gerasko.dv.ancorathemes.com/wp-content/plugins/trx_addons/components/api/elementor/elementor.php(789): trx_addons_sc_blogger()
#5 /var/www/vhosts/gerasko.dv.ancorathemes.com/gutentype.gerasko.dv.ancorathemes.com/wp-content/plugins/elementor/includes/base/controls-stack.php(1892): TRX_Addons_Elementor_Widget->render()
#6 /var/www/vhosts/gerasko.dv.ancorathemes.com/gutentype.gerasko.dv.ancorathemes.com/wp-content/plugins/elementor/includes/base/widget-base.php(549): Elementor\Controls_Stack->render_by_mode()
#7 /var/www/vhosts/gerasko.dv.ancorathemes.com/gutentype.gerasko.dv.ancorathemes.com/wp-content/plugins/elementor/includes/base/widget-base.php(679): Elementor\Widget_Base->render_content()
#8 /var/www/vhosts/gerasko.dv.ancorathemes.com/gutentype.gerasko.dv.ancorathemes.com/wp-content/plugins/elementor/includes/base/element-base.php(650): Elementor\Widget_Base->print_content()
#9 /var/www/vhosts/gerasko.dv.ancorathemes.com/gutentype.gerasko.dv.ancorathemes.com/wp-content/plugins/elementor/includes/base/element-base.php(911): Elementor\Element_Base->print_element()
#10 /var/www/vhosts/gerasko.dv.ancorathemes.com/gutentype.gerasko.dv.ancorathemes.com/wp-content/plugins/elementor/includes/base/element-base.php(650): Elementor\Element_Base->print_content()
#11 /var/www/vhosts/gerasko.dv.ancorathemes.com/gutentype.gerasko.dv.ancorathemes.com/wp-content/plugins/elementor/includes/base/element-base.php(911): Elementor\Element_Base->print_element()
#12 /var/www/vhosts/gerasko.dv.ancorathemes.com/gutentype.gerasko.dv.ancorathemes.com/wp-content/plugins/elementor/includes/base/element-base.php(650): Elementor\Element_Base->print_content()
#13 /var/www/vhosts/gerasko.dv.ancorathemes.com/gutentype.gerasko.dv.ancorathemes.com/wp-content/plugins/elementor/core/base/document.php(1420): Elementor\Element_Base->print_element()
#14 /var/www/vhosts/gerasko.dv.ancorathemes.com/gutentype.gerasko.dv.ancorathemes.com/wp-content/plugins/elementor/core/base/document.php(943): Elementor\Core\Base\Document->print_elements()
#15 /var/www/vhosts/gerasko.dv.ancorathemes.com/gutentype.gerasko.dv.ancorathemes.com/wp-content/plugins/elementor/includes/frontend.php(1010): Elementor\Core\Base\Document->print_elements_with_wrapper()
#16 /var/www/vhosts/gerasko.dv.ancorathemes.com/gutentype.gerasko.dv.ancorathemes.com/wp-content/plugins/elementor/includes/frontend.php(924): Elementor\Frontend->get_builder_content()
#17 /var/www/vhosts/gerasko.dv.ancorathemes.com/gutentype.gerasko.dv.ancorathemes.com/wp-includes/class-wp-hook.php(292): Elementor\Frontend->apply_builder_in_content()
#18 /var/www/vhosts/gerasko.dv.ancorathemes.com/gutentype.gerasko.dv.ancorathemes.com/wp-includes/plugin.php(212): WP_Hook->apply_filters()
#19 /var/www/vhosts/gerasko.dv.ancorathemes.com/gutentype.gerasko.dv.ancorathemes.com/wp-includes/post-template.php(253): apply_filters()
#20 /var/www/vhosts/gerasko.dv.ancorathemes.com/gutentype.gerasko.dv.ancorathemes.com/wp-content/themes/gutentype/content-page.php(53): the_content()
#21 /var/www/vhosts/gerasko.dv.ancorathemes.com/gutentype.gerasko.dv.ancorathemes.com/wp-includes/template.php(732): require('...')
#22 /var/www/vhosts/gerasko.dv.ancorathemes.com/gutentype.gerasko.dv.ancorathemes.com/wp-includes/template.php(676): load_template()
#23 /var/www/vhosts/gerasko.dv.ancorathemes.com/gutentype.gerasko.dv.ancorathemes.com/wp-includes/general-template.php(204): locate_template()
#24 /var/www/vhosts/gerasko.dv.ancorathemes.com/gutentype.gerasko.dv.ancorathemes.com/wp-content/themes/gutentype/page.php(15): get_template_part()
#25 /var/www/vhosts/gerasko.dv.ancorathemes.com/gutentype.gerasko.dv.ancorathemes.com/wp-includes/template-loader.php(106): include('...')
#26 /var/www/vhosts/gerasko.dv.ancorathemes.com/gutentype.gerasko.dv.ancorathemes.com/wp-blog-header.php(19): require_once('...')
#27 /var/www/vhosts/gerasko.dv.ancorathemes.com/gutentype.gerasko.dv.ancorathemes.com/index.php(17): require('...')
#28 {main}
  thrown in /var/www/vhosts/gerasko.dv.ancorathemes.com/gutentype.gerasko.dv.ancorathemes.com/wp-content/themes/gutentype/trx_addons/components/shortcodes/blogger/tpl.default_divided-item.php on line 35

2021-07-08T12:02:08+00:00 CRITICAL Uncaught Error: Call to undefined function url() in /var/www/vhosts/gerasko.dv.ancorathemes.com/gutentype.gerasko.dv.ancorathemes.com/wp-content/themes/gutentype/trx_addons/components/shortcodes/blogger/tpl.default_divided-item.php:35
Stack trace:
#0 /var/www/vhosts/gerasko.dv.ancorathemes.com/gutentype.gerasko.dv.ancorathemes.com/wp-content/plugins/trx_addons/includes/plugin.utils.php(503): include()
#1 /var/www/vhosts/gerasko.dv.ancorathemes.com/gutentype.gerasko.dv.ancorathemes.com/wp-content/plugins/trx_addons/components/shortcodes/blogger/tpl.default.php(128): trx_addons_get_template_part()
#2 /var/www/vhosts/gerasko.dv.ancorathemes.com/gutentype.gerasko.dv.ancorathemes.com/wp-content/plugins/trx_addons/includes/plugin.utils.php(503): include('...')
#3 /var/www/vhosts/gerasko.dv.ancorathemes.com/gutentype.gerasko.dv.ancorathemes.com/wp-content/plugins/trx_addons/components/shortcodes/blogger/blogger.php(122): trx_addons_get_template_part()
#4 /var/www/vhosts/gerasko.dv.ancorathemes.com/gutentype.gerasko.dv.ancorathemes.com/wp-content/plugins/trx_addons/components/api/elementor/elementor.php(789): trx_addons_sc_blogger()
#5 /var/www/vhosts/gerasko.dv.ancorathemes.com/gutentype.gerasko.dv.ancorathemes.com/wp-content/plugins/elementor/includes/base/controls-stack.php(1892): TRX_Addons_Elementor_Widget->render()
#6 /var/www/vhosts/gerasko.dv.ancorathemes.com/gutentype.gerasko.dv.ancorathemes.com/wp-content/plugins/elementor/includes/base/widget-base.php(549): Elementor\Controls_Stack->render_by_mode()
#7 /var/www/vhosts/gerasko.dv.ancorathemes.com/gutentype.gerasko.dv.ancorathemes.com/wp-content/plugins/elementor/includes/base/widget-base.php(679): Elementor\Widget_Base->render_content()
#8 /var/www/vhosts/gerasko.dv.ancorathemes.com/gutentype.gerasko.dv.ancorathemes.com/wp-content/plugins/elementor/includes/base/element-base.php(650): Elementor\Widget_Base->print_content()
#9 /var/www/vhosts/gerasko.dv.ancorathemes.com/gutentype.gerasko.dv.ancorathemes.com/wp-content/plugins/elementor/includes/base/element-base.php(911): Elementor\Element_Base->print_element()
#10 /var/www/vhosts/gerasko.dv.ancorathemes.com/gutentype.gerasko.dv.ancorathemes.com/wp-content/plugins/elementor/includes/base/element-base.php(650): Elementor\Element_Base->print_content()
#11 /var/www/vhosts/gerasko.dv.ancorathemes.com/gutentype.gerasko.dv.ancorathemes.com/wp-content/plugins/elementor/includes/base/element-base.php(911): Elementor\Element_Base->print_element()
#12 /var/www/vhosts/gerasko.dv.ancorathemes.com/gutentype.gerasko.dv.ancorathemes.com/wp-content/plugins/elementor/includes/base/element-base.php(650): Elementor\Element_Base->print_content()
#13 /var/www/vhosts/gerasko.dv.ancorathemes.com/gutentype.gerasko.dv.ancorathemes.com/wp-content/plugins/elementor/core/base/document.php(1420): Elementor\Element_Base->print_element()
#14 /var/www/vhosts/gerasko.dv.ancorathemes.com/gutentype.gerasko.dv.ancorathemes.com/wp-content/plugins/elementor/core/base/document.php(943): Elementor\Core\Base\Document->print_elements()
#15 /var/www/vhosts/gerasko.dv.ancorathemes.com/gutentype.gerasko.dv.ancorathemes.com/wp-content/plugins/elementor/includes/frontend.php(1010): Elementor\Core\Base\Document->print_elements_with_wrapper()
#16 /var/www/vhosts/gerasko.dv.ancorathemes.com/gutentype.gerasko.dv.ancorathemes.com/wp-content/plugins/elementor/includes/frontend.php(924): Elementor\Frontend->get_builder_content()
#17 /var/www/vhosts/gerasko.dv.ancorathemes.com/gutentype.gerasko.dv.ancorathemes.com/wp-includes/class-wp-hook.php(292): Elementor\Frontend->apply_builder_in_content()
#18 /var/www/vhosts/gerasko.dv.ancorathemes.com/gutentype.gerasko.dv.ancorathemes.com/wp-includes/plugin.php(212): WP_Hook->apply_filters()
#19 /var/www/vhosts/gerasko.dv.ancorathemes.com/gutentype.gerasko.dv.ancorathemes.com/wp-includes/post-template.php(253): apply_filters()
#20 /var/www/vhosts/gerasko.dv.ancorathemes.com/gutentype.gerasko.dv.ancorathemes.com/wp-content/themes/gutentype/content-page.php(53): the_content()
#21 /var/www/vhosts/gerasko.dv.ancorathemes.com/gutentype.gerasko.dv.ancorathemes.com/wp-includes/template.php(732): require('...')
#22 /var/www/vhosts/gerasko.dv.ancorathemes.com/gutentype.gerasko.dv.ancorathemes.com/wp-includes/template.php(676): load_template()
#23 /var/www/vhosts/gerasko.dv.ancorathemes.com/gutentype.gerasko.dv.ancorathemes.com/wp-includes/general-template.php(204): locate_template()
#24 /var/www/vhosts/gerasko.dv.ancorathemes.com/gutentype.gerasko.dv.ancorathemes.com/wp-content/themes/gutentype/page.php(15): get_template_part()
#25 /var/www/vhosts/gerasko.dv.ancorathemes.com/gutentype.gerasko.dv.ancorathemes.com/wp-includes/template-loader.php(106): include('...')
#26 /var/www/vhosts/gerasko.dv.ancorathemes.com/gutentype.gerasko.dv.ancorathemes.com/wp-blog-header.php(19): require_once('...')
#27 /var/www/vhosts/gerasko.dv.ancorathemes.com/gutentype.gerasko.dv.ancorathemes.com/index.php(17): require('...')
#28 {main}
  thrown in /var/www/vhosts/gerasko.dv.ancorathemes.com/gutentype.gerasko.dv.ancorathemes.com/wp-content/themes/gutentype/trx_addons/components/shortcodes/blogger/tpl.default_divided-item.php on line 35

2021-07-08T12:02:11+00:00 CRITICAL Uncaught Error: Call to undefined function url() in /var/www/vhosts/gerasko.dv.ancorathemes.com/gutentype.gerasko.dv.ancorathemes.com/wp-content/themes/gutentype/trx_addons/components/shortcodes/blogger/tpl.default_divided-item.php:35
Stack trace:
#0 /var/www/vhosts/gerasko.dv.ancorathemes.com/gutentype.gerasko.dv.ancorathemes.com/wp-content/plugins/trx_addons/includes/plugin.utils.php(503): include()
#1 /var/www/vhosts/gerasko.dv.ancorathemes.com/gutentype.gerasko.dv.ancorathemes.com/wp-content/plugins/trx_addons/components/shortcodes/blogger/tpl.default.php(128): trx_addons_get_template_part()
#2 /var/www/vhosts/gerasko.dv.ancorathemes.com/gutentype.gerasko.dv.ancorathemes.com/wp-content/plugins/trx_addons/includes/plugin.utils.php(503): include('...')
#3 /var/www/vhosts/gerasko.dv.ancorathemes.com/gutentype.gerasko.dv.ancorathemes.com/wp-content/plugins/trx_addons/components/shortcodes/blogger/blogger.php(122): trx_addons_get_template_part()
#4 /var/www/vhosts/gerasko.dv.ancorathemes.com/gutentype.gerasko.dv.ancorathemes.com/wp-content/plugins/trx_addons/components/api/elementor/elementor.php(789): trx_addons_sc_blogger()
#5 /var/www/vhosts/gerasko.dv.ancorathemes.com/gutentype.gerasko.dv.ancorathemes.com/wp-content/plugins/elementor/includes/base/controls-stack.php(1892): TRX_Addons_Elementor_Widget->render()
#6 /var/www/vhosts/gerasko.dv.ancorathemes.com/gutentype.gerasko.dv.ancorathemes.com/wp-content/plugins/elementor/includes/base/widget-base.php(549): Elementor\Controls_Stack->render_by_mode()
#7 /var/www/vhosts/gerasko.dv.ancorathemes.com/gutentype.gerasko.dv.ancorathemes.com/wp-content/plugins/elementor/includes/base/widget-base.php(679): Elementor\Widget_Base->render_content()
#8 /var/www/vhosts/gerasko.dv.ancorathemes.com/gutentype.gerasko.dv.ancorathemes.com/wp-content/plugins/elementor/includes/base/element-base.php(650): Elementor\Widget_Base->print_content()
#9 /var/www/vhosts/gerasko.dv.ancorathemes.com/gutentype.gerasko.dv.ancorathemes.com/wp-content/plugins/elementor/includes/base/element-base.php(911): Elementor\Element_Base->print_element()
#10 /var/www/vhosts/gerasko.dv.ancorathemes.com/gutentype.gerasko.dv.ancorathemes.com/wp-content/plugins/elementor/includes/base/element-base.php(650): Elementor\Element_Base->print_content()
#11 /var/www/vhosts/gerasko.dv.ancorathemes.com/gutentype.gerasko.dv.ancorathemes.com/wp-content/plugins/elementor/includes/base/element-base.php(911): Elementor\Element_Base->print_element()
#12 /var/www/vhosts/gerasko.dv.ancorathemes.com/gutentype.gerasko.dv.ancorathemes.com/wp-content/plugins/elementor/includes/base/element-base.php(650): Elementor\Element_Base->print_content()
#13 /var/www/vhosts/gerasko.dv.ancorathemes.com/gutentype.gerasko.dv.ancorathemes.com/wp-content/plugins/elementor/core/base/document.php(1420): Elementor\Element_Base->print_element()
#14 /var/www/vhosts/gerasko.dv.ancorathemes.com/gutentype.gerasko.dv.ancorathemes.com/wp-content/plugins/elementor/core/base/document.php(943): Elementor\Core\Base\Document->print_elements()
#15 /var/www/vhosts/gerasko.dv.ancorathemes.com/gutentype.gerasko.dv.ancorathemes.com/wp-content/plugins/elementor/includes/frontend.php(1010): Elementor\Core\Base\Document->print_elements_with_wrapper()
#16 /var/www/vhosts/gerasko.dv.ancorathemes.com/gutentype.gerasko.dv.ancorathemes.com/wp-content/plugins/elementor/includes/frontend.php(924): Elementor\Frontend->get_builder_content()
#17 /var/www/vhosts/gerasko.dv.ancorathemes.com/gutentype.gerasko.dv.ancorathemes.com/wp-includes/class-wp-hook.php(292): Elementor\Frontend->apply_builder_in_content()
#18 /var/www/vhosts/gerasko.dv.ancorathemes.com/gutentype.gerasko.dv.ancorathemes.com/wp-includes/plugin.php(212): WP_Hook->apply_filters()
#19 /var/www/vhosts/gerasko.dv.ancorathemes.com/gutentype.gerasko.dv.ancorathemes.com/wp-includes/post-template.php(253): apply_filters()
#20 /var/www/vhosts/gerasko.dv.ancorathemes.com/gutentype.gerasko.dv.ancorathemes.com/wp-content/themes/gutentype/content-page.php(53): the_content()
#21 /var/www/vhosts/gerasko.dv.ancorathemes.com/gutentype.gerasko.dv.ancorathemes.com/wp-includes/template.php(732): require('...')
#22 /var/www/vhosts/gerasko.dv.ancorathemes.com/gutentype.gerasko.dv.ancorathemes.com/wp-includes/template.php(676): load_template()
#23 /var/www/vhosts/gerasko.dv.ancorathemes.com/gutentype.gerasko.dv.ancorathemes.com/wp-includes/general-template.php(204): locate_template()
#24 /var/www/vhosts/gerasko.dv.ancorathemes.com/gutentype.gerasko.dv.ancorathemes.com/wp-content/themes/gutentype/page.php(15): get_template_part()
#25 /var/www/vhosts/gerasko.dv.ancorathemes.com/gutentype.gerasko.dv.ancorathemes.com/wp-includes/template-loader.php(106): include('...')
#26 /var/www/vhosts/gerasko.dv.ancorathemes.com/gutentype.gerasko.dv.ancorathemes.com/wp-blog-header.php(19): require_once('...')
#27 /var/www/vhosts/gerasko.dv.ancorathemes.com/gutentype.gerasko.dv.ancorathemes.com/index.php(17): require('...')
#28 {main}
  thrown in /var/www/vhosts/gerasko.dv.ancorathemes.com/gutentype.gerasko.dv.ancorathemes.com/wp-content/themes/gutentype/trx_addons/components/shortcodes/blogger/tpl.default_divided-item.php on line 35

2021-07-08T12:02:29+00:00 CRITICAL Uncaught Error: Call to undefined function url() in /var/www/vhosts/gerasko.dv.ancorathemes.com/gutentype.gerasko.dv.ancorathemes.com/wp-content/themes/gutentype/trx_addons/components/shortcodes/blogger/tpl.default_divided-item.php:35
Stack trace:
#0 /var/www/vhosts/gerasko.dv.ancorathemes.com/gutentype.gerasko.dv.ancorathemes.com/wp-content/plugins/trx_addons/includes/plugin.utils.php(503): include()
#1 /var/www/vhosts/gerasko.dv.ancorathemes.com/gutentype.gerasko.dv.ancorathemes.com/wp-content/plugins/trx_addons/components/shortcodes/blogger/tpl.default.php(128): trx_addons_get_template_part()
#2 /var/www/vhosts/gerasko.dv.ancorathemes.com/gutentype.gerasko.dv.ancorathemes.com/wp-content/plugins/trx_addons/includes/plugin.utils.php(503): include('...')
#3 /var/www/vhosts/gerasko.dv.ancorathemes.com/gutentype.gerasko.dv.ancorathemes.com/wp-content/plugins/trx_addons/components/shortcodes/blogger/blogger.php(122): trx_addons_get_template_part()
#4 /var/www/vhosts/gerasko.dv.ancorathemes.com/gutentype.gerasko.dv.ancorathemes.com/wp-content/plugins/trx_addons/components/api/elementor/elementor.php(789): trx_addons_sc_blogger()
#5 /var/www/vhosts/gerasko.dv.ancorathemes.com/gutentype.gerasko.dv.ancorathemes.com/wp-content/plugins/elementor/includes/base/controls-stack.php(1892): TRX_Addons_Elementor_Widget->render()
#6 /var/www/vhosts/gerasko.dv.ancorathemes.com/gutentype.gerasko.dv.ancorathemes.com/wp-content/plugins/elementor/includes/base/widget-base.php(549): Elementor\Controls_Stack->render_by_mode()
#7 /var/www/vhosts/gerasko.dv.ancorathemes.com/gutentype.gerasko.dv.ancorathemes.com/wp-content/plugins/elementor/includes/base/widget-base.php(679): Elementor\Widget_Base->render_content()
#8 /var/www/vhosts/gerasko.dv.ancorathemes.com/gutentype.gerasko.dv.ancorathemes.com/wp-content/plugins/elementor/includes/base/element-base.php(650): Elementor\Widget_Base->print_content()
#9 /var/www/vhosts/gerasko.dv.ancorathemes.com/gutentype.gerasko.dv.ancorathemes.com/wp-content/plugins/elementor/includes/base/element-base.php(911): Elementor\Element_Base->print_element()
#10 /var/www/vhosts/gerasko.dv.ancorathemes.com/gutentype.gerasko.dv.ancorathemes.com/wp-content/plugins/elementor/includes/base/element-base.php(650): Elementor\Element_Base->print_content()
#11 /var/www/vhosts/gerasko.dv.ancorathemes.com/gutentype.gerasko.dv.ancorathemes.com/wp-content/plugins/elementor/includes/base/element-base.php(911): Elementor\Element_Base->print_element()
#12 /var/www/vhosts/gerasko.dv.ancorathemes.com/gutentype.gerasko.dv.ancorathemes.com/wp-content/plugins/elementor/includes/base/element-base.php(650): Elementor\Element_Base->print_content()
#13 /var/www/vhosts/gerasko.dv.ancorathemes.com/gutentype.gerasko.dv.ancorathemes.com/wp-content/plugins/elementor/core/base/document.php(1420): Elementor\Element_Base->print_element()
#14 /var/www/vhosts/gerasko.dv.ancorathemes.com/gutentype.gerasko.dv.ancorathemes.com/wp-content/plugins/elementor/core/base/document.php(943): Elementor\Core\Base\Document->print_elements()
#15 /var/www/vhosts/gerasko.dv.ancorathemes.com/gutentype.gerasko.dv.ancorathemes.com/wp-content/plugins/elementor/includes/frontend.php(1010): Elementor\Core\Base\Document->print_elements_with_wrapper()
#16 /var/www/vhosts/gerasko.dv.ancorathemes.com/gutentype.gerasko.dv.ancorathemes.com/wp-content/plugins/elementor/includes/frontend.php(924): Elementor\Frontend->get_builder_content()
#17 /var/www/vhosts/gerasko.dv.ancorathemes.com/gutentype.gerasko.dv.ancorathemes.com/wp-includes/class-wp-hook.php(292): Elementor\Frontend->apply_builder_in_content()
#18 /var/www/vhosts/gerasko.dv.ancorathemes.com/gutentype.gerasko.dv.ancorathemes.com/wp-includes/plugin.php(212): WP_Hook->apply_filters()
#19 /var/www/vhosts/gerasko.dv.ancorathemes.com/gutentype.gerasko.dv.ancorathemes.com/wp-includes/post-template.php(253): apply_filters()
#20 /var/www/vhosts/gerasko.dv.ancorathemes.com/gutentype.gerasko.dv.ancorathemes.com/wp-content/themes/gutentype/content-page.php(53): the_content()
#21 /var/www/vhosts/gerasko.dv.ancorathemes.com/gutentype.gerasko.dv.ancorathemes.com/wp-includes/template.php(732): require('...')
#22 /var/www/vhosts/gerasko.dv.ancorathemes.com/gutentype.gerasko.dv.ancorathemes.com/wp-includes/template.php(676): load_template()
#23 /var/www/vhosts/gerasko.dv.ancorathemes.com/gutentype.gerasko.dv.ancorathemes.com/wp-includes/general-template.php(204): locate_template()
#24 /var/www/vhosts/gerasko.dv.ancorathemes.com/gutentype.gerasko.dv.ancorathemes.com/wp-content/themes/gutentype/page.php(15): get_template_part()
#25 /var/www/vhosts/gerasko.dv.ancorathemes.com/gutentype.gerasko.dv.ancorathemes.com/wp-includes/template-loader.php(106): include('...')
#26 /var/www/vhosts/gerasko.dv.ancorathemes.com/gutentype.gerasko.dv.ancorathemes.com/wp-blog-header.php(19): require_once('...')
#27 /var/www/vhosts/gerasko.dv.ancorathemes.com/gutentype.gerasko.dv.ancorathemes.com/index.php(17): require('...')
#28 {main}
  thrown in /var/www/vhosts/gerasko.dv.ancorathemes.com/gutentype.gerasko.dv.ancorathemes.com/wp-content/themes/gutentype/trx_addons/components/shortcodes/blogger/tpl.default_divided-item.php on line 35

2021-07-08T12:02:37+00:00 CRITICAL Uncaught Error: Call to undefined function url() in /var/www/vhosts/gerasko.dv.ancorathemes.com/gutentype.gerasko.dv.ancorathemes.com/wp-content/themes/gutentype/trx_addons/components/shortcodes/blogger/tpl.default_divided-item.php:35
Stack trace:
#0 /var/www/vhosts/gerasko.dv.ancorathemes.com/gutentype.gerasko.dv.ancorathemes.com/wp-content/plugins/trx_addons/includes/plugin.utils.php(503): include()
#1 /var/www/vhosts/gerasko.dv.ancorathemes.com/gutentype.gerasko.dv.ancorathemes.com/wp-content/plugins/trx_addons/components/shortcodes/blogger/tpl.default.php(128): trx_addons_get_template_part()
#2 /var/www/vhosts/gerasko.dv.ancorathemes.com/gutentype.gerasko.dv.ancorathemes.com/wp-content/plugins/trx_addons/includes/plugin.utils.php(503): include('...')
#3 /var/www/vhosts/gerasko.dv.ancorathemes.com/gutentype.gerasko.dv.ancorathemes.com/wp-content/plugins/trx_addons/components/shortcodes/blogger/blogger.php(122): trx_addons_get_template_part()
#4 /var/www/vhosts/gerasko.dv.ancorathemes.com/gutentype.gerasko.dv.ancorathemes.com/wp-content/plugins/trx_addons/components/api/elementor/elementor.php(789): trx_addons_sc_blogger()
#5 /var/www/vhosts/gerasko.dv.ancorathemes.com/gutentype.gerasko.dv.ancorathemes.com/wp-content/plugins/elementor/includes/base/controls-stack.php(1892): TRX_Addons_Elementor_Widget->render()
#6 /var/www/vhosts/gerasko.dv.ancorathemes.com/gutentype.gerasko.dv.ancorathemes.com/wp-content/plugins/elementor/includes/base/widget-base.php(549): Elementor\Controls_Stack->render_by_mode()
#7 /var/www/vhosts/gerasko.dv.ancorathemes.com/gutentype.gerasko.dv.ancorathemes.com/wp-content/plugins/elementor/includes/base/widget-base.php(679): Elementor\Widget_Base->render_content()
#8 /var/www/vhosts/gerasko.dv.ancorathemes.com/gutentype.gerasko.dv.ancorathemes.com/wp-content/plugins/elementor/includes/base/element-base.php(650): Elementor\Widget_Base->print_content()
#9 /var/www/vhosts/gerasko.dv.ancorathemes.com/gutentype.gerasko.dv.ancorathemes.com/wp-content/plugins/elementor/includes/base/element-base.php(911): Elementor\Element_Base->print_element()
#10 /var/www/vhosts/gerasko.dv.ancorathemes.com/gutentype.gerasko.dv.ancorathemes.com/wp-content/plugins/elementor/includes/base/element-base.php(650): Elementor\Element_Base->print_content()
#11 /var/www/vhosts/gerasko.dv.ancorathemes.com/gutentype.gerasko.dv.ancorathemes.com/wp-content/plugins/elementor/includes/base/element-base.php(911): Elementor\Element_Base->print_element()
#12 /var/www/vhosts/gerasko.dv.ancorathemes.com/gutentype.gerasko.dv.ancorathemes.com/wp-content/plugins/elementor/includes/base/element-base.php(650): Elementor\Element_Base->print_content()
#13 /var/www/vhosts/gerasko.dv.ancorathemes.com/gutentype.gerasko.dv.ancorathemes.com/wp-content/plugins/elementor/core/base/document.php(1420): Elementor\Element_Base->print_element()
#14 /var/www/vhosts/gerasko.dv.ancorathemes.com/gutentype.gerasko.dv.ancorathemes.com/wp-content/plugins/elementor/core/base/document.php(943): Elementor\Core\Base\Document->print_elements()
#15 /var/www/vhosts/gerasko.dv.ancorathemes.com/gutentype.gerasko.dv.ancorathemes.com/wp-content/plugins/elementor/includes/frontend.php(1010): Elementor\Core\Base\Document->print_elements_with_wrapper()
#16 /var/www/vhosts/gerasko.dv.ancorathemes.com/gutentype.gerasko.dv.ancorathemes.com/wp-content/plugins/elementor/includes/frontend.php(924): Elementor\Frontend->get_builder_content()
#17 /var/www/vhosts/gerasko.dv.ancorathemes.com/gutentype.gerasko.dv.ancorathemes.com/wp-includes/class-wp-hook.php(292): Elementor\Frontend->apply_builder_in_content()
#18 /var/www/vhosts/gerasko.dv.ancorathemes.com/gutentype.gerasko.dv.ancorathemes.com/wp-includes/plugin.php(212): WP_Hook->apply_filters()
#19 /var/www/vhosts/gerasko.dv.ancorathemes.com/gutentype.gerasko.dv.ancorathemes.com/wp-includes/post-template.php(253): apply_filters()
#20 /var/www/vhosts/gerasko.dv.ancorathemes.com/gutentype.gerasko.dv.ancorathemes.com/wp-content/themes/gutentype/content-page.php(53): the_content()
#21 /var/www/vhosts/gerasko.dv.ancorathemes.com/gutentype.gerasko.dv.ancorathemes.com/wp-includes/template.php(732): require('...')
#22 /var/www/vhosts/gerasko.dv.ancorathemes.com/gutentype.gerasko.dv.ancorathemes.com/wp-includes/template.php(676): load_template()
#23 /var/www/vhosts/gerasko.dv.ancorathemes.com/gutentype.gerasko.dv.ancorathemes.com/wp-includes/general-template.php(204): locate_template()
#24 /var/www/vhosts/gerasko.dv.ancorathemes.com/gutentype.gerasko.dv.ancorathemes.com/wp-content/themes/gutentype/page.php(15): get_template_part()
#25 /var/www/vhosts/gerasko.dv.ancorathemes.com/gutentype.gerasko.dv.ancorathemes.com/wp-includes/template-loader.php(106): include('...')
#26 /var/www/vhosts/gerasko.dv.ancorathemes.com/gutentype.gerasko.dv.ancorathemes.com/wp-blog-header.php(19): require_once('...')
#27 /var/www/vhosts/gerasko.dv.ancorathemes.com/gutentype.gerasko.dv.ancorathemes.com/index.php(17): require('...')
#28 {main}
  thrown in /var/www/vhosts/gerasko.dv.ancorathemes.com/gutentype.gerasko.dv.ancorathemes.com/wp-content/themes/gutentype/trx_addons/components/shortcodes/blogger/tpl.default_divided-item.php on line 35

2021-07-08T12:05:37+00:00 CRITICAL Uncaught Error: Call to undefined function url() in /var/www/vhosts/gerasko.dv.ancorathemes.com/gutentype.gerasko.dv.ancorathemes.com/wp-content/themes/gutentype/trx_addons/components/shortcodes/blogger/tpl.default_divided-item.php:35
Stack trace:
#0 /var/www/vhosts/gerasko.dv.ancorathemes.com/gutentype.gerasko.dv.ancorathemes.com/wp-content/plugins/trx_addons/includes/plugin.utils.php(503): include()
#1 /var/www/vhosts/gerasko.dv.ancorathemes.com/gutentype.gerasko.dv.ancorathemes.com/wp-content/plugins/trx_addons/components/shortcodes/blogger/tpl.default.php(128): trx_addons_get_template_part()
#2 /var/www/vhosts/gerasko.dv.ancorathemes.com/gutentype.gerasko.dv.ancorathemes.com/wp-content/plugins/trx_addons/includes/plugin.utils.php(503): include('...')
#3 /var/www/vhosts/gerasko.dv.ancorathemes.com/gutentype.gerasko.dv.ancorathemes.com/wp-content/plugins/trx_addons/components/shortcodes/blogger/blogger.php(122): trx_addons_get_template_part()
#4 /var/www/vhosts/gerasko.dv.ancorathemes.com/gutentype.gerasko.dv.ancorathemes.com/wp-content/plugins/trx_addons/components/api/elementor/elementor.php(789): trx_addons_sc_blogger()
#5 /var/www/vhosts/gerasko.dv.ancorathemes.com/gutentype.gerasko.dv.ancorathemes.com/wp-content/plugins/elementor/includes/base/controls-stack.php(1892): TRX_Addons_Elementor_Widget->render()
#6 /var/www/vhosts/gerasko.dv.ancorathemes.com/gutentype.gerasko.dv.ancorathemes.com/wp-content/plugins/elementor/includes/base/widget-base.php(549): Elementor\Controls_Stack->render_by_mode()
#7 /var/www/vhosts/gerasko.dv.ancorathemes.com/gutentype.gerasko.dv.ancorathemes.com/wp-content/plugins/elementor/includes/base/widget-base.php(679): Elementor\Widget_Base->render_content()
#8 /var/www/vhosts/gerasko.dv.ancorathemes.com/gutentype.gerasko.dv.ancorathemes.com/wp-content/plugins/elementor/includes/base/element-base.php(650): Elementor\Widget_Base->print_content()
#9 /var/www/vhosts/gerasko.dv.ancorathemes.com/gutentype.gerasko.dv.ancorathemes.com/wp-content/plugins/elementor/includes/base/element-base.php(911): Elementor\Element_Base->print_element()
#10 /var/www/vhosts/gerasko.dv.ancorathemes.com/gutentype.gerasko.dv.ancorathemes.com/wp-content/plugins/elementor/includes/base/element-base.php(650): Elementor\Element_Base->print_content()
#11 /var/www/vhosts/gerasko.dv.ancorathemes.com/gutentype.gerasko.dv.ancorathemes.com/wp-content/plugins/elementor/includes/base/element-base.php(911): Elementor\Element_Base->print_element()
#12 /var/www/vhosts/gerasko.dv.ancorathemes.com/gutentype.gerasko.dv.ancorathemes.com/wp-content/plugins/elementor/includes/base/element-base.php(650): Elementor\Element_Base->print_content()
#13 /var/www/vhosts/gerasko.dv.ancorathemes.com/gutentype.gerasko.dv.ancorathemes.com/wp-content/plugins/elementor/core/base/document.php(1420): Elementor\Element_Base->print_element()
#14 /var/www/vhosts/gerasko.dv.ancorathemes.com/gutentype.gerasko.dv.ancorathemes.com/wp-content/plugins/elementor/core/base/document.php(943): Elementor\Core\Base\Document->print_elements()
#15 /var/www/vhosts/gerasko.dv.ancorathemes.com/gutentype.gerasko.dv.ancorathemes.com/wp-content/plugins/elementor/includes/frontend.php(1010): Elementor\Core\Base\Document->print_elements_with_wrapper()
#16 /var/www/vhosts/gerasko.dv.ancorathemes.com/gutentype.gerasko.dv.ancorathemes.com/wp-content/plugins/elementor/includes/frontend.php(924): Elementor\Frontend->get_builder_content()
#17 /var/www/vhosts/gerasko.dv.ancorathemes.com/gutentype.gerasko.dv.ancorathemes.com/wp-includes/class-wp-hook.php(292): Elementor\Frontend->apply_builder_in_content()
#18 /var/www/vhosts/gerasko.dv.ancorathemes.com/gutentype.gerasko.dv.ancorathemes.com/wp-includes/plugin.php(212): WP_Hook->apply_filters()
#19 /var/www/vhosts/gerasko.dv.ancorathemes.com/gutentype.gerasko.dv.ancorathemes.com/wp-includes/post-template.php(253): apply_filters()
#20 /var/www/vhosts/gerasko.dv.ancorathemes.com/gutentype.gerasko.dv.ancorathemes.com/wp-content/themes/gutentype/content-page.php(53): the_content()
#21 /var/www/vhosts/gerasko.dv.ancorathemes.com/gutentype.gerasko.dv.ancorathemes.com/wp-includes/template.php(732): require('...')
#22 /var/www/vhosts/gerasko.dv.ancorathemes.com/gutentype.gerasko.dv.ancorathemes.com/wp-includes/template.php(676): load_template()
#23 /var/www/vhosts/gerasko.dv.ancorathemes.com/gutentype.gerasko.dv.ancorathemes.com/wp-includes/general-template.php(204): locate_template()
#24 /var/www/vhosts/gerasko.dv.ancorathemes.com/gutentype.gerasko.dv.ancorathemes.com/wp-content/themes/gutentype/page.php(15): get_template_part()
#25 /var/www/vhosts/gerasko.dv.ancorathemes.com/gutentype.gerasko.dv.ancorathemes.com/wp-includes/template-loader.php(106): include('...')
#26 /var/www/vhosts/gerasko.dv.ancorathemes.com/gutentype.gerasko.dv.ancorathemes.com/wp-blog-header.php(19): require_once('...')
#27 /var/www/vhosts/gerasko.dv.ancorathemes.com/gutentype.gerasko.dv.ancorathemes.com/index.php(17): require('...')
#28 {main}
  thrown in /var/www/vhosts/gerasko.dv.ancorathemes.com/gutentype.gerasko.dv.ancorathemes.com/wp-content/themes/gutentype/trx_addons/components/shortcodes/blogger/tpl.default_divided-item.php on line 35

2021-07-08T12:12:57+00:00 CRITICAL Uncaught Error: Call to undefined function url() in /var/www/vhosts/gerasko.dv.ancorathemes.com/gutentype.gerasko.dv.ancorathemes.com/wp-content/themes/gutentype/trx_addons/components/shortcodes/blogger/tpl.default_divided-item.php:35
Stack trace:
#0 /var/www/vhosts/gerasko.dv.ancorathemes.com/gutentype.gerasko.dv.ancorathemes.com/wp-content/plugins/trx_addons/includes/plugin.utils.php(503): include()
#1 /var/www/vhosts/gerasko.dv.ancorathemes.com/gutentype.gerasko.dv.ancorathemes.com/wp-content/plugins/trx_addons/components/shortcodes/blogger/tpl.default.php(128): trx_addons_get_template_part()
#2 /var/www/vhosts/gerasko.dv.ancorathemes.com/gutentype.gerasko.dv.ancorathemes.com/wp-content/plugins/trx_addons/includes/plugin.utils.php(503): include('...')
#3 /var/www/vhosts/gerasko.dv.ancorathemes.com/gutentype.gerasko.dv.ancorathemes.com/wp-content/plugins/trx_addons/components/shortcodes/blogger/blogger.php(122): trx_addons_get_template_part()
#4 /var/www/vhosts/gerasko.dv.ancorathemes.com/gutentype.gerasko.dv.ancorathemes.com/wp-content/plugins/trx_addons/components/api/elementor/elementor.php(789): trx_addons_sc_blogger()
#5 /var/www/vhosts/gerasko.dv.ancorathemes.com/gutentype.gerasko.dv.ancorathemes.com/wp-content/plugins/elementor/includes/base/controls-stack.php(1892): TRX_Addons_Elementor_Widget->render()
#6 /var/www/vhosts/gerasko.dv.ancorathemes.com/gutentype.gerasko.dv.ancorathemes.com/wp-content/plugins/elementor/includes/base/widget-base.php(549): Elementor\Controls_Stack->render_by_mode()
#7 /var/www/vhosts/gerasko.dv.ancorathemes.com/gutentype.gerasko.dv.ancorathemes.com/wp-content/plugins/elementor/includes/base/widget-base.php(679): Elementor\Widget_Base->render_content()
#8 /var/www/vhosts/gerasko.dv.ancorathemes.com/gutentype.gerasko.dv.ancorathemes.com/wp-content/plugins/elementor/includes/base/element-base.php(650): Elementor\Widget_Base->print_content()
#9 /var/www/vhosts/gerasko.dv.ancorathemes.com/gutentype.gerasko.dv.ancorathemes.com/wp-content/plugins/elementor/includes/base/element-base.php(911): Elementor\Element_Base->print_element()
#10 /var/www/vhosts/gerasko.dv.ancorathemes.com/gutentype.gerasko.dv.ancorathemes.com/wp-content/plugins/elementor/includes/base/element-base.php(650): Elementor\Element_Base->print_content()
#11 /var/www/vhosts/gerasko.dv.ancorathemes.com/gutentype.gerasko.dv.ancorathemes.com/wp-content/plugins/elementor/includes/base/element-base.php(911): Elementor\Element_Base->print_element()
#12 /var/www/vhosts/gerasko.dv.ancorathemes.com/gutentype.gerasko.dv.ancorathemes.com/wp-content/plugins/elementor/includes/base/element-base.php(650): Elementor\Element_Base->print_content()
#13 /var/www/vhosts/gerasko.dv.ancorathemes.com/gutentype.gerasko.dv.ancorathemes.com/wp-content/plugins/elementor/core/base/document.php(1420): Elementor\Element_Base->print_element()
#14 /var/www/vhosts/gerasko.dv.ancorathemes.com/gutentype.gerasko.dv.ancorathemes.com/wp-content/plugins/elementor/core/base/document.php(943): Elementor\Core\Base\Document->print_elements()
#15 /var/www/vhosts/gerasko.dv.ancorathemes.com/gutentype.gerasko.dv.ancorathemes.com/wp-content/plugins/elementor/includes/frontend.php(1010): Elementor\Core\Base\Document->print_elements_with_wrapper()
#16 /var/www/vhosts/gerasko.dv.ancorathemes.com/gutentype.gerasko.dv.ancorathemes.com/wp-content/plugins/elementor/includes/frontend.php(924): Elementor\Frontend->get_builder_content()
#17 /var/www/vhosts/gerasko.dv.ancorathemes.com/gutentype.gerasko.dv.ancorathemes.com/wp-includes/class-wp-hook.php(292): Elementor\Frontend->apply_builder_in_content()
#18 /var/www/vhosts/gerasko.dv.ancorathemes.com/gutentype.gerasko.dv.ancorathemes.com/wp-includes/plugin.php(212): WP_Hook->apply_filters()
#19 /var/www/vhosts/gerasko.dv.ancorathemes.com/gutentype.gerasko.dv.ancorathemes.com/wp-includes/post-template.php(253): apply_filters()
#20 /var/www/vhosts/gerasko.dv.ancorathemes.com/gutentype.gerasko.dv.ancorathemes.com/wp-content/themes/gutentype/content-page.php(53): the_content()
#21 /var/www/vhosts/gerasko.dv.ancorathemes.com/gutentype.gerasko.dv.ancorathemes.com/wp-includes/template.php(732): require('...')
#22 /var/www/vhosts/gerasko.dv.ancorathemes.com/gutentype.gerasko.dv.ancorathemes.com/wp-includes/template.php(676): load_template()
#23 /var/www/vhosts/gerasko.dv.ancorathemes.com/gutentype.gerasko.dv.ancorathemes.com/wp-includes/general-template.php(204): locate_template()
#24 /var/www/vhosts/gerasko.dv.ancorathemes.com/gutentype.gerasko.dv.ancorathemes.com/wp-content/themes/gutentype/page.php(15): get_template_part()
#25 /var/www/vhosts/gerasko.dv.ancorathemes.com/gutentype.gerasko.dv.ancorathemes.com/wp-includes/template-loader.php(106): include('...')
#26 /var/www/vhosts/gerasko.dv.ancorathemes.com/gutentype.gerasko.dv.ancorathemes.com/wp-blog-header.php(19): require_once('...')
#27 /var/www/vhosts/gerasko.dv.ancorathemes.com/gutentype.gerasko.dv.ancorathemes.com/index.php(17): require('...')
#28 {main}
  thrown in /var/www/vhosts/gerasko.dv.ancorathemes.com/gutentype.gerasko.dv.ancorathemes.com/wp-content/themes/gutentype/trx_addons/components/shortcodes/blogger/tpl.default_divided-item.php on line 35

2021-07-08T12:13:18+00:00 CRITICAL Uncaught Error: Call to undefined function url() in /var/www/vhosts/gerasko.dv.ancorathemes.com/gutentype.gerasko.dv.ancorathemes.com/wp-content/themes/gutentype/trx_addons/components/shortcodes/blogger/tpl.default_divided-item.php:36
Stack trace:
#0 /var/www/vhosts/gerasko.dv.ancorathemes.com/gutentype.gerasko.dv.ancorathemes.com/wp-content/plugins/trx_addons/includes/plugin.utils.php(503): include()
#1 /var/www/vhosts/gerasko.dv.ancorathemes.com/gutentype.gerasko.dv.ancorathemes.com/wp-content/plugins/trx_addons/components/shortcodes/blogger/tpl.default.php(128): trx_addons_get_template_part()
#2 /var/www/vhosts/gerasko.dv.ancorathemes.com/gutentype.gerasko.dv.ancorathemes.com/wp-content/plugins/trx_addons/includes/plugin.utils.php(503): include('...')
#3 /var/www/vhosts/gerasko.dv.ancorathemes.com/gutentype.gerasko.dv.ancorathemes.com/wp-content/plugins/trx_addons/components/shortcodes/blogger/blogger.php(122): trx_addons_get_template_part()
#4 /var/www/vhosts/gerasko.dv.ancorathemes.com/gutentype.gerasko.dv.ancorathemes.com/wp-content/plugins/trx_addons/components/api/elementor/elementor.php(789): trx_addons_sc_blogger()
#5 /var/www/vhosts/gerasko.dv.ancorathemes.com/gutentype.gerasko.dv.ancorathemes.com/wp-content/plugins/elementor/includes/base/controls-stack.php(1892): TRX_Addons_Elementor_Widget->render()
#6 /var/www/vhosts/gerasko.dv.ancorathemes.com/gutentype.gerasko.dv.ancorathemes.com/wp-content/plugins/elementor/includes/base/widget-base.php(549): Elementor\Controls_Stack->render_by_mode()
#7 /var/www/vhosts/gerasko.dv.ancorathemes.com/gutentype.gerasko.dv.ancorathemes.com/wp-content/plugins/elementor/includes/base/widget-base.php(679): Elementor\Widget_Base->render_content()
#8 /var/www/vhosts/gerasko.dv.ancorathemes.com/gutentype.gerasko.dv.ancorathemes.com/wp-content/plugins/elementor/includes/base/element-base.php(650): Elementor\Widget_Base->print_content()
#9 /var/www/vhosts/gerasko.dv.ancorathemes.com/gutentype.gerasko.dv.ancorathemes.com/wp-content/plugins/elementor/includes/base/element-base.php(911): Elementor\Element_Base->print_element()
#10 /var/www/vhosts/gerasko.dv.ancorathemes.com/gutentype.gerasko.dv.ancorathemes.com/wp-content/plugins/elementor/includes/base/element-base.php(650): Elementor\Element_Base->print_content()
#11 /var/www/vhosts/gerasko.dv.ancorathemes.com/gutentype.gerasko.dv.ancorathemes.com/wp-content/plugins/elementor/includes/base/element-base.php(911): Elementor\Element_Base->print_element()
#12 /var/www/vhosts/gerasko.dv.ancorathemes.com/gutentype.gerasko.dv.ancorathemes.com/wp-content/plugins/elementor/includes/base/element-base.php(650): Elementor\Element_Base->print_content()
#13 /var/www/vhosts/gerasko.dv.ancorathemes.com/gutentype.gerasko.dv.ancorathemes.com/wp-content/plugins/elementor/core/base/document.php(1420): Elementor\Element_Base->print_element()
#14 /var/www/vhosts/gerasko.dv.ancorathemes.com/gutentype.gerasko.dv.ancorathemes.com/wp-content/plugins/elementor/core/base/document.php(943): Elementor\Core\Base\Document->print_elements()
#15 /var/www/vhosts/gerasko.dv.ancorathemes.com/gutentype.gerasko.dv.ancorathemes.com/wp-content/plugins/elementor/includes/frontend.php(1010): Elementor\Core\Base\Document->print_elements_with_wrapper()
#16 /var/www/vhosts/gerasko.dv.ancorathemes.com/gutentype.gerasko.dv.ancorathemes.com/wp-content/plugins/elementor/includes/frontend.php(924): Elementor\Frontend->get_builder_content()
#17 /var/www/vhosts/gerasko.dv.ancorathemes.com/gutentype.gerasko.dv.ancorathemes.com/wp-includes/class-wp-hook.php(292): Elementor\Frontend->apply_builder_in_content()
#18 /var/www/vhosts/gerasko.dv.ancorathemes.com/gutentype.gerasko.dv.ancorathemes.com/wp-includes/plugin.php(212): WP_Hook->apply_filters()
#19 /var/www/vhosts/gerasko.dv.ancorathemes.com/gutentype.gerasko.dv.ancorathemes.com/wp-includes/post-template.php(253): apply_filters()
#20 /var/www/vhosts/gerasko.dv.ancorathemes.com/gutentype.gerasko.dv.ancorathemes.com/wp-content/themes/gutentype/content-page.php(53): the_content()
#21 /var/www/vhosts/gerasko.dv.ancorathemes.com/gutentype.gerasko.dv.ancorathemes.com/wp-includes/template.php(732): require('...')
#22 /var/www/vhosts/gerasko.dv.ancorathemes.com/gutentype.gerasko.dv.ancorathemes.com/wp-includes/template.php(676): load_template()
#23 /var/www/vhosts/gerasko.dv.ancorathemes.com/gutentype.gerasko.dv.ancorathemes.com/wp-includes/general-template.php(204): locate_template()
#24 /var/www/vhosts/gerasko.dv.ancorathemes.com/gutentype.gerasko.dv.ancorathemes.com/wp-content/themes/gutentype/page.php(15): get_template_part()
#25 /var/www/vhosts/gerasko.dv.ancorathemes.com/gutentype.gerasko.dv.ancorathemes.com/wp-includes/template-loader.php(106): include('...')
#26 /var/www/vhosts/gerasko.dv.ancorathemes.com/gutentype.gerasko.dv.ancorathemes.com/wp-blog-header.php(19): require_once('...')
#27 /var/www/vhosts/gerasko.dv.ancorathemes.com/gutentype.gerasko.dv.ancorathemes.com/index.php(17): require('...')
#28 {main}
  thrown in /var/www/vhosts/gerasko.dv.ancorathemes.com/gutentype.gerasko.dv.ancorathemes.com/wp-content/themes/gutentype/trx_addons/components/shortcodes/blogger/tpl.default_divided-item.php on line 36

2021-07-08T12:13:27+00:00 CRITICAL Uncaught Error: Call to undefined function url() in /var/www/vhosts/gerasko.dv.ancorathemes.com/gutentype.gerasko.dv.ancorathemes.com/wp-content/themes/gutentype/trx_addons/components/shortcodes/blogger/tpl.default_divided-item.php:36
Stack trace:
#0 /var/www/vhosts/gerasko.dv.ancorathemes.com/gutentype.gerasko.dv.ancorathemes.com/wp-content/plugins/trx_addons/includes/plugin.utils.php(503): include()
#1 /var/www/vhosts/gerasko.dv.ancorathemes.com/gutentype.gerasko.dv.ancorathemes.com/wp-content/plugins/trx_addons/components/shortcodes/blogger/tpl.default.php(128): trx_addons_get_template_part()
#2 /var/www/vhosts/gerasko.dv.ancorathemes.com/gutentype.gerasko.dv.ancorathemes.com/wp-content/plugins/trx_addons/includes/plugin.utils.php(503): include('...')
#3 /var/www/vhosts/gerasko.dv.ancorathemes.com/gutentype.gerasko.dv.ancorathemes.com/wp-content/plugins/trx_addons/components/shortcodes/blogger/blogger.php(122): trx_addons_get_template_part()
#4 /var/www/vhosts/gerasko.dv.ancorathemes.com/gutentype.gerasko.dv.ancorathemes.com/wp-content/plugins/trx_addons/components/api/elementor/elementor.php(789): trx_addons_sc_blogger()
#5 /var/www/vhosts/gerasko.dv.ancorathemes.com/gutentype.gerasko.dv.ancorathemes.com/wp-content/plugins/elementor/includes/base/controls-stack.php(1892): TRX_Addons_Elementor_Widget->render()
#6 /var/www/vhosts/gerasko.dv.ancorathemes.com/gutentype.gerasko.dv.ancorathemes.com/wp-content/plugins/elementor/includes/base/widget-base.php(549): Elementor\Controls_Stack->render_by_mode()
#7 /var/www/vhosts/gerasko.dv.ancorathemes.com/gutentype.gerasko.dv.ancorathemes.com/wp-content/plugins/elementor/includes/base/widget-base.php(679): Elementor\Widget_Base->render_content()
#8 /var/www/vhosts/gerasko.dv.ancorathemes.com/gutentype.gerasko.dv.ancorathemes.com/wp-content/plugins/elementor/includes/base/element-base.php(650): Elementor\Widget_Base->print_content()
#9 /var/www/vhosts/gerasko.dv.ancorathemes.com/gutentype.gerasko.dv.ancorathemes.com/wp-content/plugins/elementor/includes/base/element-base.php(911): Elementor\Element_Base->print_element()
#10 /var/www/vhosts/gerasko.dv.ancorathemes.com/gutentype.gerasko.dv.ancorathemes.com/wp-content/plugins/elementor/includes/base/element-base.php(650): Elementor\Element_Base->print_content()
#11 /var/www/vhosts/gerasko.dv.ancorathemes.com/gutentype.gerasko.dv.ancorathemes.com/wp-content/plugins/elementor/includes/base/element-base.php(911): Elementor\Element_Base->print_element()
#12 /var/www/vhosts/gerasko.dv.ancorathemes.com/gutentype.gerasko.dv.ancorathemes.com/wp-content/plugins/elementor/includes/base/element-base.php(650): Elementor\Element_Base->print_content()
#13 /var/www/vhosts/gerasko.dv.ancorathemes.com/gutentype.gerasko.dv.ancorathemes.com/wp-content/plugins/elementor/core/base/document.php(1420): Elementor\Element_Base->print_element()
#14 /var/www/vhosts/gerasko.dv.ancorathemes.com/gutentype.gerasko.dv.ancorathemes.com/wp-content/plugins/elementor/core/base/document.php(943): Elementor\Core\Base\Document->print_elements()
#15 /var/www/vhosts/gerasko.dv.ancorathemes.com/gutentype.gerasko.dv.ancorathemes.com/wp-content/plugins/elementor/includes/frontend.php(1010): Elementor\Core\Base\Document->print_elements_with_wrapper()
#16 /var/www/vhosts/gerasko.dv.ancorathemes.com/gutentype.gerasko.dv.ancorathemes.com/wp-content/plugins/elementor/includes/frontend.php(924): Elementor\Frontend->get_builder_content()
#17 /var/www/vhosts/gerasko.dv.ancorathemes.com/gutentype.gerasko.dv.ancorathemes.com/wp-includes/class-wp-hook.php(292): Elementor\Frontend->apply_builder_in_content()
#18 /var/www/vhosts/gerasko.dv.ancorathemes.com/gutentype.gerasko.dv.ancorathemes.com/wp-includes/plugin.php(212): WP_Hook->apply_filters()
#19 /var/www/vhosts/gerasko.dv.ancorathemes.com/gutentype.gerasko.dv.ancorathemes.com/wp-includes/post-template.php(253): apply_filters()
#20 /var/www/vhosts/gerasko.dv.ancorathemes.com/gutentype.gerasko.dv.ancorathemes.com/wp-content/themes/gutentype/content-page.php(53): the_content()
#21 /var/www/vhosts/gerasko.dv.ancorathemes.com/gutentype.gerasko.dv.ancorathemes.com/wp-includes/template.php(732): require('...')
#22 /var/www/vhosts/gerasko.dv.ancorathemes.com/gutentype.gerasko.dv.ancorathemes.com/wp-includes/template.php(676): load_template()
#23 /var/www/vhosts/gerasko.dv.ancorathemes.com/gutentype.gerasko.dv.ancorathemes.com/wp-includes/general-template.php(204): locate_template()
#24 /var/www/vhosts/gerasko.dv.ancorathemes.com/gutentype.gerasko.dv.ancorathemes.com/wp-content/themes/gutentype/page.php(15): get_template_part()
#25 /var/www/vhosts/gerasko.dv.ancorathemes.com/gutentype.gerasko.dv.ancorathemes.com/wp-includes/template-loader.php(106): include('...')
#26 /var/www/vhosts/gerasko.dv.ancorathemes.com/gutentype.gerasko.dv.ancorathemes.com/wp-blog-header.php(19): require_once('...')
#27 /var/www/vhosts/gerasko.dv.ancorathemes.com/gutentype.gerasko.dv.ancorathemes.com/index.php(17): require('...')
#28 {main}
  thrown in /var/www/vhosts/gerasko.dv.ancorathemes.com/gutentype.gerasko.dv.ancorathemes.com/wp-content/themes/gutentype/trx_addons/components/shortcodes/blogger/tpl.default_divided-item.php on line 36

2021-07-08T12:14:26+00:00 CRITICAL Uncaught Error: Call to undefined function url() in /var/www/vhosts/gerasko.dv.ancorathemes.com/gutentype.gerasko.dv.ancorathemes.com/wp-content/themes/gutentype/trx_addons/components/shortcodes/blogger/tpl.default_divided-item.php:36
Stack trace:
#0 /var/www/vhosts/gerasko.dv.ancorathemes.com/gutentype.gerasko.dv.ancorathemes.com/wp-content/plugins/trx_addons/includes/plugin.utils.php(503): include()
#1 /var/www/vhosts/gerasko.dv.ancorathemes.com/gutentype.gerasko.dv.ancorathemes.com/wp-content/plugins/trx_addons/components/shortcodes/blogger/tpl.default.php(128): trx_addons_get_template_part()
#2 /var/www/vhosts/gerasko.dv.ancorathemes.com/gutentype.gerasko.dv.ancorathemes.com/wp-content/plugins/trx_addons/includes/plugin.utils.php(503): include('...')
#3 /var/www/vhosts/gerasko.dv.ancorathemes.com/gutentype.gerasko.dv.ancorathemes.com/wp-content/plugins/trx_addons/components/shortcodes/blogger/blogger.php(122): trx_addons_get_template_part()
#4 /var/www/vhosts/gerasko.dv.ancorathemes.com/gutentype.gerasko.dv.ancorathemes.com/wp-content/plugins/trx_addons/components/api/elementor/elementor.php(789): trx_addons_sc_blogger()
#5 /var/www/vhosts/gerasko.dv.ancorathemes.com/gutentype.gerasko.dv.ancorathemes.com/wp-content/plugins/elementor/includes/base/controls-stack.php(1892): TRX_Addons_Elementor_Widget->render()
#6 /var/www/vhosts/gerasko.dv.ancorathemes.com/gutentype.gerasko.dv.ancorathemes.com/wp-content/plugins/elementor/includes/base/widget-base.php(549): Elementor\Controls_Stack->render_by_mode()
#7 /var/www/vhosts/gerasko.dv.ancorathemes.com/gutentype.gerasko.dv.ancorathemes.com/wp-content/plugins/elementor/includes/base/widget-base.php(679): Elementor\Widget_Base->render_content()
#8 /var/www/vhosts/gerasko.dv.ancorathemes.com/gutentype.gerasko.dv.ancorathemes.com/wp-content/plugins/elementor/includes/base/element-base.php(650): Elementor\Widget_Base->print_content()
#9 /var/www/vhosts/gerasko.dv.ancorathemes.com/gutentype.gerasko.dv.ancorathemes.com/wp-content/plugins/elementor/includes/base/element-base.php(911): Elementor\Element_Base->print_element()
#10 /var/www/vhosts/gerasko.dv.ancorathemes.com/gutentype.gerasko.dv.ancorathemes.com/wp-content/plugins/elementor/includes/base/element-base.php(650): Elementor\Element_Base->print_content()
#11 /var/www/vhosts/gerasko.dv.ancorathemes.com/gutentype.gerasko.dv.ancorathemes.com/wp-content/plugins/elementor/includes/base/element-base.php(911): Elementor\Element_Base->print_element()
#12 /var/www/vhosts/gerasko.dv.ancorathemes.com/gutentype.gerasko.dv.ancorathemes.com/wp-content/plugins/elementor/includes/base/element-base.php(650): Elementor\Element_Base->print_content()
#13 /var/www/vhosts/gerasko.dv.ancorathemes.com/gutentype.gerasko.dv.ancorathemes.com/wp-content/plugins/elementor/core/base/document.php(1420): Elementor\Element_Base->print_element()
#14 /var/www/vhosts/gerasko.dv.ancorathemes.com/gutentype.gerasko.dv.ancorathemes.com/wp-content/plugins/elementor/core/base/document.php(943): Elementor\Core\Base\Document->print_elements()
#15 /var/www/vhosts/gerasko.dv.ancorathemes.com/gutentype.gerasko.dv.ancorathemes.com/wp-content/plugins/elementor/includes/frontend.php(1010): Elementor\Core\Base\Document->print_elements_with_wrapper()
#16 /var/www/vhosts/gerasko.dv.ancorathemes.com/gutentype.gerasko.dv.ancorathemes.com/wp-content/plugins/elementor/includes/frontend.php(924): Elementor\Frontend->get_builder_content()
#17 /var/www/vhosts/gerasko.dv.ancorathemes.com/gutentype.gerasko.dv.ancorathemes.com/wp-includes/class-wp-hook.php(292): Elementor\Frontend->apply_builder_in_content()
#18 /var/www/vhosts/gerasko.dv.ancorathemes.com/gutentype.gerasko.dv.ancorathemes.com/wp-includes/plugin.php(212): WP_Hook->apply_filters()
#19 /var/www/vhosts/gerasko.dv.ancorathemes.com/gutentype.gerasko.dv.ancorathemes.com/wp-includes/post-template.php(253): apply_filters()
#20 /var/www/vhosts/gerasko.dv.ancorathemes.com/gutentype.gerasko.dv.ancorathemes.com/wp-content/themes/gutentype/content-page.php(53): the_content()
#21 /var/www/vhosts/gerasko.dv.ancorathemes.com/gutentype.gerasko.dv.ancorathemes.com/wp-includes/template.php(732): require('...')
#22 /var/www/vhosts/gerasko.dv.ancorathemes.com/gutentype.gerasko.dv.ancorathemes.com/wp-includes/template.php(676): load_template()
#23 /var/www/vhosts/gerasko.dv.ancorathemes.com/gutentype.gerasko.dv.ancorathemes.com/wp-includes/general-template.php(204): locate_template()
#24 /var/www/vhosts/gerasko.dv.ancorathemes.com/gutentype.gerasko.dv.ancorathemes.com/wp-content/themes/gutentype/page.php(15): get_template_part()
#25 /var/www/vhosts/gerasko.dv.ancorathemes.com/gutentype.gerasko.dv.ancorathemes.com/wp-includes/template-loader.php(106): include('...')
#26 /var/www/vhosts/gerasko.dv.ancorathemes.com/gutentype.gerasko.dv.ancorathemes.com/wp-blog-header.php(19): require_once('...')
#27 /var/www/vhosts/gerasko.dv.ancorathemes.com/gutentype.gerasko.dv.ancorathemes.com/index.php(17): require('...')
#28 {main}
  thrown in /var/www/vhosts/gerasko.dv.ancorathemes.com/gutentype.gerasko.dv.ancorathemes.com/wp-content/themes/gutentype/trx_addons/components/shortcodes/blogger/tpl.default_divided-item.php on line 36

2021-07-08T12:56:41+00:00 CRITICAL Unmatched ')' in /var/www/vhosts/gerasko.dv.ancorathemes.com/gutentype.gerasko.dv.ancorathemes.com/wp-content/themes/gutentype/trx_addons/components/shortcodes/blogger/tpl.default_divided-item.php on line 36

2021-07-08T12:56:51+00:00 CRITICAL Unmatched ')' in /var/www/vhosts/gerasko.dv.ancorathemes.com/gutentype.gerasko.dv.ancorathemes.com/wp-content/themes/gutentype/trx_addons/components/shortcodes/blogger/tpl.default_divided-item.php on line 36

2021-07-08T13:01:04+00:00 CRITICAL syntax error, unexpected identifier "the_title", expecting ")" in /var/www/vhosts/gerasko.dv.ancorathemes.com/gutentype.gerasko.dv.ancorathemes.com/wp-content/themes/gutentype/trx_addons/components/shortcodes/blogger/tpl.default_divided-item.php on line 34

2021-07-08T13:01:12+00:00 CRITICAL syntax error, unexpected identifier "the_title", expecting ")" in /var/www/vhosts/gerasko.dv.ancorathemes.com/gutentype.gerasko.dv.ancorathemes.com/wp-content/themes/gutentype/trx_addons/components/shortcodes/blogger/tpl.default_divided-item.php on line 34

2021-07-08T13:01:47+00:00 CRITICAL syntax error, unexpected token ";", expecting ")" in /var/www/vhosts/gerasko.dv.ancorathemes.com/gutentype.gerasko.dv.ancorathemes.com/wp-content/themes/gutentype/trx_addons/components/shortcodes/blogger/tpl.default_divided-item.php on line 37

2021-07-08T13:01:54+00:00 CRITICAL syntax error, unexpected token ";", expecting ")" in /var/www/vhosts/gerasko.dv.ancorathemes.com/gutentype.gerasko.dv.ancorathemes.com/wp-content/themes/gutentype/trx_addons/components/shortcodes/blogger/tpl.default_divided-item.php on line 37

2021-07-08T13:01:58+00:00 CRITICAL syntax error, unexpected token ";", expecting ")" in /var/www/vhosts/gerasko.dv.ancorathemes.com/gutentype.gerasko.dv.ancorathemes.com/wp-content/themes/gutentype/trx_addons/components/shortcodes/blogger/tpl.default_divided-item.php on line 37

2021-07-08T13:02:17+00:00 CRITICAL syntax error, unexpected token ";", expecting ")" in /var/www/vhosts/gerasko.dv.ancorathemes.com/gutentype.gerasko.dv.ancorathemes.com/wp-content/themes/gutentype/trx_addons/components/shortcodes/blogger/tpl.default_divided-item.php on line 37

2021-07-08T13:24:26+00:00 CRITICAL syntax error, unexpected identifier "false", expecting "," or ";" in /var/www/vhosts/gerasko.dv.ancorathemes.com/gutentype.gerasko.dv.ancorathemes.com/wp-content/plugins/trx_addons/templates/tpl.sc_slider_start.php on line 69

2021-07-08T13:24:53+00:00 CRITICAL syntax error, unexpected identifier "false", expecting "," or ";" in /var/www/vhosts/gerasko.dv.ancorathemes.com/gutentype.gerasko.dv.ancorathemes.com/wp-content/plugins/trx_addons/templates/tpl.sc_slider_start.php on line 69

